/*M!999999\- enable the sandbox mode */ 
-- MariaDB dump 10.19  Distrib 10.11.11-MariaDB, for osx10.19 (arm64)
--
-- Host: localhost    Database: stargate_v33
-- ------------------------------------------------------
-- Server version	11.7.2-MariaDB

/*!40101 SET @OLD_CHARACTER_SET_CLIENT=@@CHARACTER_SET_CLIENT */;
/*!40101 SET @OLD_CHARACTER_SET_RESULTS=@@CHARACTER_SET_RESULTS */;
/*!40101 SET @OLD_COLLATION_CONNECTION=@@COLLATION_CONNECTION */;
/*!40101 SET NAMES utf8mb4 */;
/*!40103 SET @OLD_TIME_ZONE=@@TIME_ZONE */;
/*!40103 SET TIME_ZONE='+00:00' */;
/*!40014 SET @OLD_UNIQUE_CHECKS=@@UNIQUE_CHECKS, UNIQUE_CHECKS=0 */;
/*!40014 SET @OLD_FOREIGN_KEY_CHECKS=@@FOREIGN_KEY_CHECKS, FOREIGN_KEY_CHECKS=0 */;
/*!40101 SET @OLD_SQL_MODE=@@SQL_MODE, SQL_MODE='NO_AUTO_VALUE_ON_ZERO' */;
/*!40111 SET @OLD_SQL_NOTES=@@SQL_NOTES, SQL_NOTES=0 */;

--
-- Table structure for table `customers`
--

DROP TABLE IF EXISTS `customers`;
/*!40101 SET @saved_cs_client     = @@character_set_client */;
/*!40101 SET character_set_client = utf8mb4 */;
CREATE TABLE `customers` (
  `id` int(11) NOT NULL AUTO_INCREMENT,
  `customer_name` varchar(255) NOT NULL,
  `customer_code` varchar(50) NOT NULL,
  `created_at` timestamp NULL DEFAULT current_timestamp(),
  `updated_at` timestamp NULL DEFAULT current_timestamp() ON UPDATE current_timestamp(),
  PRIMARY KEY (`id`)
) ENGINE=InnoDB AUTO_INCREMENT=62 DEFAULT CHARSET=utf8mb4 COLLATE=utf8mb4_general_ci;
/*!40101 SET character_set_client = @saved_cs_client */;

--
-- Dumping data for table `customers`
--

LOCK TABLES `customers` WRITE;
/*!40000 ALTER TABLE `customers` DISABLE KEYS */;
INSERT INTO `customers` VALUES
(2,'rgerg','gerer','2025-05-04 04:42:30','2025-05-04 04:42:30'),
(3,'Arma','1234','2025-05-04 04:48:56','2025-05-04 04:48:56'),
(5,'Fine','66666666','2025-05-04 05:23:54','2025-05-04 05:23:54'),
(6,'AY ESHEYYYYYYYY','777','2025-05-04 05:29:16','2025-05-04 05:29:16'),
(7,'rgerg','2222','2025-05-04 06:35:56','2025-05-04 06:35:56'),
(8,'Sanita','gerer','2025-05-04 12:44:39','2025-05-04 12:44:39'),
(9,'Sanita','www','2025-05-04 13:16:34','2025-05-04 13:16:34'),
(10,'Nestlee','821','2025-05-04 13:24:27','2025-05-04 13:24:27'),
(11,'Arma','821','2025-05-04 13:25:35','2025-05-04 13:25:35'),
(12,'Nestlee','234','2025-05-05 06:17:50','2025-05-05 06:17:50'),
(13,'Arma','rrr','2025-05-05 06:19:38','2025-05-05 06:19:38'),
(14,'Seniora','44444','2025-05-05 06:26:24','2025-05-05 06:26:24'),
(15,'Manaseer','55','2025-05-05 06:32:36','2025-05-05 06:32:36'),
(16,'Kessab','55','2025-05-05 06:36:07','2025-05-05 06:36:07'),
(17,'Coffee Maker','55','2025-05-05 06:38:12','2025-05-05 06:38:12'),
(18,'Sanita','44','2025-05-05 07:53:42','2025-05-05 07:53:42'),
(19,'Fine','44','2025-05-05 07:55:55','2025-05-05 07:55:55'),
(20,'Silva','33','2025-05-05 09:57:15','2025-05-05 09:57:15'),
(21,'Abo Tafesh','22','2025-05-05 10:02:59','2025-05-05 10:02:59'),
(22,'Arma','55','2025-05-05 10:59:58','2025-05-05 10:59:58'),
(23,'Nestlee','44','2025-05-05 11:02:47','2025-05-05 11:02:47'),
(24,'Arma','22','2025-05-05 13:40:28','2025-05-05 13:40:28'),
(25,'Cold Alex','88','2025-05-06 04:37:13','2025-05-06 04:37:13'),
(26,'Arma','33','2025-05-06 05:19:12','2025-05-06 05:19:12'),
(27,'Al Wazir','77','2025-05-06 05:21:16','2025-05-06 05:21:16'),
(28,'Nestlee','55','2025-05-06 05:24:47','2025-05-06 05:24:47'),
(29,'Arma','234','2025-05-06 06:37:52','2025-05-06 06:37:52'),
(30,'Arma','44','2025-05-06 06:47:14','2025-05-06 06:47:14'),
(31,'Seniora','44','2025-05-06 06:58:35','2025-05-06 06:58:35'),
(32,'Manaseer','88','2025-05-06 09:01:56','2025-05-06 09:01:56'),
(33,'fwefwef','wefefw','2025-05-06 10:13:03','2025-05-06 10:13:03'),
(34,'Fine','23','2025-05-07 05:02:49','2025-05-07 05:02:49'),
(35,'Cold Alex','23','2025-05-07 05:07:23','2025-05-07 05:07:23'),
(36,'Fine','444','2025-05-07 05:19:49','2025-05-07 05:19:49'),
(37,'Zaar','88','2025-05-07 13:40:15','2025-05-07 13:40:15'),
(38,'Tazweed','99','2025-05-07 13:42:06','2025-05-07 13:42:06'),
(39,'http://localhost:7004/','111','2025-05-07 13:44:09','2025-05-07 13:44:09'),
(40,'Nestlee','23','2025-05-09 11:40:55','2025-05-09 11:40:55'),
(41,'Cold Alex','55','2025-05-09 13:15:58','2025-05-09 13:15:58'),
(42,'Arma','23','2025-05-09 17:15:59','2025-05-09 17:15:59'),
(43,'Cold Alex','44','2025-05-11 06:52:02','2025-05-11 06:52:02'),
(44,'Seniora','55','2025-05-11 08:00:37','2025-05-11 08:00:37'),
(45,'test','23','2025-05-11 09:43:24','2025-05-11 09:43:24'),
(46,'dddd','ddd','2025-05-12 04:53:15','2025-05-12 04:53:15'),
(47,'Unilever Jordan','333333','2025-05-12 06:59:02','2025-05-12 06:59:02'),
(48,'Unilever Cypres','333333','2025-05-12 16:12:46','2025-05-12 16:12:46'),
(49,'Unilever eeeeeee','333333','2025-05-12 16:13:40','2025-05-12 16:13:40'),
(50,'Unilever qqqq','333333','2025-05-12 16:14:29','2025-05-12 16:14:29'),
(51,'Nestlee','88','2025-05-13 11:45:54','2025-05-13 11:45:54'),
(52,'Sanita','88','2025-05-13 11:59:33','2025-05-13 11:59:33'),
(53,'Sanita','3333','2025-05-13 13:13:00','2025-05-13 13:13:00'),
(54,'Unilever Egypt','333333','2025-05-13 13:27:34','2025-05-13 13:27:34'),
(55,'Molfix','23','2025-05-14 05:32:45','2025-05-14 05:32:45'),
(56,'Hendrix','23','2025-05-31 05:29:02','2025-05-31 05:29:02'),
(57,'B & G','23','2025-05-31 07:29:53','2025-05-31 07:29:53'),
(58,'Al Ameed','23','2025-05-31 07:31:46','2025-05-31 07:31:46'),
(59,'Star','11111','2025-06-02 09:24:35','2025-06-02 09:24:35'),
(60,'Molfix','55','2025-06-04 05:22:48','2025-06-04 05:22:48'),
(61,'B & G','55','2025-06-22 10:03:49','2025-06-22 10:03:49');
/*!40000 ALTER TABLE `customers` ENABLE KEYS */;
UNLOCK TABLES;

--
-- Table structure for table `job_plies`
--

DROP TABLE IF EXISTS `job_plies`;
/*!40101 SET @saved_cs_client     = @@character_set_client */;
/*!40101 SET character_set_client = utf8mb4 */;
CREATE TABLE `job_plies` (
  `id` int(11) NOT NULL AUTO_INCREMENT,
  `job_number` varchar(20) NOT NULL,
  `position` int(11) NOT NULL,
  `material` varchar(50) DEFAULT NULL,
  `finish` varchar(50) DEFAULT NULL,
  `thickness` decimal(5,2) DEFAULT NULL,
  PRIMARY KEY (`id`),
  KEY `job_number` (`job_number`),
  CONSTRAINT `job_plies_ibfk_1` FOREIGN KEY (`job_number`) REFERENCES `jobs` (`job_number`)
) ENGINE=InnoDB AUTO_INCREMENT=48 DEFAULT CHARSET=utf8mb4 COLLATE=utf8mb4_general_ci;
/*!40101 SET character_set_client = @saved_cs_client */;

--
-- Dumping data for table `job_plies`
--

LOCK TABLES `job_plies` WRITE;
/*!40000 ALTER TABLE `job_plies` DISABLE KEYS */;
INSERT INTO `job_plies` VALUES
(3,'B60705',1,'PE','Transparent',60.00),
(4,'B60705',2,'HDPE','Colored',30.00),
(5,'B60404',1,'PET',NULL,NULL),
(6,'B60404',2,'LDPE','Matt',25.00),
(24,'B61503',1,'HDPE','White',25.00),
(34,'B62201',1,'PE','White',30.00),
(38,'B62203',1,'PE','White',30.00),
(39,'B62204',1,'PE','White',30.00),
(40,'B62205',1,'PE','White',30.00),
(42,'B62206',1,'PE','White',30.00),
(46,'B62401',1,'PE','White',30.00),
(47,'B62601',1,'PE','White',30.00);
/*!40000 ALTER TABLE `job_plies` ENABLE KEYS */;
UNLOCK TABLES;

--
-- Table structure for table `job_status_history`
--

DROP TABLE IF EXISTS `job_status_history`;
/*!40101 SET @saved_cs_client     = @@character_set_client */;
/*!40101 SET character_set_client = utf8mb4 */;
CREATE TABLE `job_status_history` (
  `id` int(11) NOT NULL AUTO_INCREMENT,
  `job_number` varchar(20) NOT NULL,
  `status_type_id` int(11) NOT NULL,
  `status_date` datetime NOT NULL DEFAULT current_timestamp(),
  `user_id` int(11) DEFAULT NULL,
  `notes` text DEFAULT NULL,
  PRIMARY KEY (`id`),
  KEY `job_number` (`job_number`),
  KEY `status_type_id` (`status_type_id`),
  CONSTRAINT `job_status_history_ibfk_1` FOREIGN KEY (`job_number`) REFERENCES `jobs` (`job_number`),
  CONSTRAINT `job_status_history_ibfk_2` FOREIGN KEY (`status_type_id`) REFERENCES `status_types` (`id`)
) ENGINE=InnoDB AUTO_INCREMENT=1326 DEFAULT CHARSET=utf8mb4 COLLATE=utf8mb4_general_ci;
/*!40101 SET character_set_client = @saved_cs_client */;

--
-- Dumping data for table `job_status_history`
--

LOCK TABLES `job_status_history` WRITE;
/*!40000 ALTER TABLE `job_status_history` DISABLE KEYS */;
INSERT INTO `job_status_history` VALUES
(1,'B61101',16,'2025-06-12 15:44:15',23,'Planning data saved'),
(12,'B61202',1,'2025-06-12 17:13:54',23,'Auto status update'),
(13,'B61202',16,'2025-06-12 17:14:54',23,'Planning data saved'),
(14,'B61203',5,'2025-06-12 17:34:23',23,'Auto status update'),
(15,'B61203',5,'2025-06-12 17:40:34',23,'Auto status update'),
(16,'B61203',16,'2025-06-12 17:41:44',23,'Planning data saved'),
(17,'B61203',5,'2025-06-12 17:41:53',23,'Auto status update'),
(18,'B61203',16,'2025-06-12 18:00:58',23,'Status changed via softcopy approval checkbox'),
(19,'B61203',5,'2025-06-12 18:01:02',23,'Status changed via softcopy approval checkbox'),
(20,'B61203',16,'2025-06-12 18:23:39',23,'Status changed via softcopy approval checkbox'),
(21,'B61203',5,'2025-06-12 18:23:41',23,'Status changed via softcopy approval checkbox'),
(22,'B61203',16,'2025-06-12 18:54:44',23,'Status changed via softcopy approval checkbox'),
(23,'B61203',5,'2025-06-12 18:54:46',23,'Status changed via softcopy approval checkbox'),
(24,'B61301',16,'2025-06-13 13:30:14',23,'Planning data saved'),
(25,'B61301',5,'2025-06-13 13:31:06',23,'Status changed via softcopy approval checkbox'),
(26,'B61301',16,'2025-06-13 13:45:13',23,'Status changed via softcopy approval checkbox'),
(27,'B61301',5,'2025-06-13 13:45:16',23,'Status changed via softcopy approval checkbox'),
(28,'B61301',16,'2025-06-13 13:54:10',23,'Status changed via softcopy approval checkbox'),
(29,'B61301',5,'2025-06-13 13:54:12',23,'Status changed via softcopy approval checkbox'),
(30,'B61301',16,'2025-06-13 13:55:43',23,'Status changed via softcopy approval checkbox'),
(31,'B61301',5,'2025-06-13 13:55:45',23,'Status changed via softcopy approval checkbox'),
(32,'B61301',16,'2025-06-13 14:19:25',23,'Status changed via softcopy approval checkbox'),
(33,'B61301',5,'2025-06-13 14:19:29',23,'Status changed via softcopy approval checkbox'),
(42,'B61302',4,'2025-06-13 16:05:27',23,'Auto status update'),
(43,'B61302',4,'2025-06-13 16:21:05',23,'Auto status update'),
(44,'B61302',4,'2025-06-13 16:26:19',23,'Status updated after prepress save'),
(45,'B61302',4,'2025-06-13 16:38:42',23,'Status updated after prepress save'),
(46,'B61302',16,'2025-06-13 16:49:49',23,'Status changed via SC approval checkbox'),
(47,'B61302',4,'2025-06-13 16:49:52',23,'Status updated after prepress save'),
(48,'B61302',4,'2025-06-13 17:06:15',23,'Status updated to Need SC Approval'),
(49,'B61302',4,'2025-06-13 17:20:04',23,'Status updated to Need SC Approval'),
(50,'B61302',4,'2025-06-13 17:35:44',23,'Status updated to Need SC Approval'),
(51,'B61302',4,'2025-06-13 17:41:49',23,'Status updated to Need SC Approval'),
(52,'B61302',4,'2025-06-13 17:41:49',23,'Auto status update'),
(53,'B61302',16,'2025-06-13 17:52:44',23,'Planning data saved'),
(54,'B61302',16,'2025-06-13 17:52:44',23,'Auto status update'),
(55,'B61302',4,'2025-06-13 17:52:54',23,'Status updated to Need SC Approval'),
(56,'B61302',4,'2025-06-13 18:00:30',23,'Status updated to Need SC Approval'),
(57,'B61302',4,'2025-06-13 18:04:51',23,'Status updated to Need SC Approval'),
(58,'B61302',4,'2025-06-13 18:04:51',23,'Auto status update'),
(59,'B61303',16,'2025-06-13 18:05:52',23,'Planning data saved'),
(60,'B61303',16,'2025-06-13 18:05:52',23,'Auto status update'),
(61,'B61303',4,'2025-06-13 18:06:02',23,'Status updated to Need SC Approval'),
(62,'B61303',4,'2025-06-13 18:06:02',23,'Auto status update'),
(63,'B61303',4,'2025-06-13 18:29:11',23,'Status updated to Need SC Approval'),
(64,'B61303',4,'2025-06-13 18:43:16',23,'Status updated to Need SC Approval'),
(65,'B61304',16,'2025-06-13 18:43:37',23,'Planning data saved'),
(66,'B61304',16,'2025-06-13 18:43:37',23,'Auto status update'),
(67,'B61304',4,'2025-06-13 18:43:45',23,'Status updated to Need SC Approval'),
(68,'B61304',5,'2025-06-13 18:45:11',23,'Status changed via softcopy approval checkbox'),
(69,'B61304',4,'2025-06-13 18:45:13',NULL,'Status updated to Need SC Approval'),
(70,'B61304',16,'2025-06-13 18:49:23',23,'Clearing working_on_softcopy flag'),
(71,'B61304',16,'2025-06-13 18:50:38',23,'Status changed via softcopy approval checkbox'),
(72,'B61304',4,'2025-06-13 18:50:39',NULL,'Status updated to Need SC Approval'),
(73,'B61304',5,'2025-06-13 18:50:41',23,'Status changed via softcopy approval checkbox'),
(74,'B61304',4,'2025-06-13 18:50:42',NULL,'Status updated to Need SC Approval'),
(75,'B61304',4,'2025-06-13 18:50:56',23,'Status updated to Need SC Approval'),
(76,'B61304',4,'2025-06-13 18:51:22',23,'Status updated to Need SC Approval'),
(77,'B61304',4,'2025-06-13 18:51:38',23,'Status updated to Need SC Approval'),
(78,'B61304',4,'2025-06-13 18:57:19',23,'Status updated to Need SC Approval'),
(79,'B61304',5,'2025-06-13 18:57:28',23,'Status changed via softcopy approval checkbox'),
(80,'B61304',4,'2025-06-13 18:57:30',NULL,'Status updated to Need SC Approval'),
(81,'B61304',4,'2025-06-13 18:57:45',23,'Status updated to Need SC Approval'),
(82,'B61304',1,'2025-06-13 18:58:03',23,'Auto status update'),
(83,'B61304',4,'2025-06-13 18:58:53',23,'Status updated to Need SC Approval'),
(84,'B61304',5,'2025-06-13 18:59:14',23,'Status changed via softcopy approval checkbox'),
(85,'B61304',4,'2025-06-13 18:59:17',NULL,'Status updated to Need SC Approval'),
(86,'B61304',16,'2025-06-13 19:01:51',23,'Status changed via softcopy approval checkbox'),
(87,'B61304',4,'2025-06-13 19:01:53',NULL,'Status updated to Need SC Approval'),
(88,'B61304',5,'2025-06-13 19:03:02',23,'Status changed via softcopy approval checkbox'),
(89,'B61304',4,'2025-06-13 19:03:05',NULL,'Status updated to Need SC Approval'),
(90,'B61304',4,'2025-06-13 19:03:29',23,'Status updated to Need SC Approval'),
(91,'B61304',11,'2025-06-13 19:11:37',23,'Status updated via QC form'),
(92,'B61304',11,'2025-06-13 19:14:35',23,'SC approved by QC department'),
(93,'B61304',11,'2025-06-13 19:20:39',23,'SC approved by QC department'),
(94,'B61304',11,'2025-06-13 19:21:05',23,'SC approved by QC department'),
(95,'B61304',11,'2025-06-13 19:34:32',NULL,'SC Checked by QC'),
(96,'B61304',11,'2025-06-13 19:34:32',23,'SC approved by QC'),
(127,'B61306',16,'2025-06-13 20:38:32',23,'Planning data saved'),
(128,'B61306',16,'2025-06-13 20:38:32',23,'Auto status update'),
(129,'B61306',4,'2025-06-13 20:38:42',23,'Status updated to Need SC Approval'),
(130,'B61306',4,'2025-06-13 20:38:42',23,'Auto status update'),
(131,'B61306',5,'2025-06-13 20:38:56',23,'Status changed via softcopy approval checkbox'),
(132,'B61306',4,'2025-06-13 20:38:59',NULL,'Status updated to Need SC Approval'),
(133,'B61306',11,'2025-06-13 20:40:11',NULL,'SC Checked by QC'),
(134,'B61306',11,'2025-06-13 20:40:11',23,'SC approved by QC'),
(135,'B61306',11,'2025-06-13 20:50:27',NULL,'SC Checked by QC'),
(136,'B61306',11,'2025-06-13 20:50:27',23,'SC approved by QC'),
(137,'B61306',11,'2025-06-13 20:54:34',NULL,'SC Checked by QC'),
(138,'B61306',11,'2025-06-13 20:54:34',23,'SC approved by QC'),
(139,'B61306',11,'2025-06-13 20:58:55',NULL,'SC Checked by QC'),
(140,'B61306',11,'2025-06-13 20:58:55',23,'SC approved by QC'),
(141,'B61306',4,'2025-06-13 21:02:33',23,'Status updated to Need SC Approval'),
(142,'B61306',4,'2025-06-13 21:02:33',23,'Auto status update'),
(143,'B61306',11,'2025-06-13 21:04:37',NULL,'SC Checked by QC'),
(144,'B61306',11,'2025-06-13 21:04:37',23,'SC approved by QC'),
(145,'B61306',11,'2025-06-13 21:09:28',NULL,'SC Checked by QC'),
(146,'B61306',11,'2025-06-13 21:09:28',23,'SC approved by QC'),
(147,'B61306',5,'2025-06-13 21:10:06',23,'Status changed via softcopy approval checkbox'),
(148,'B61306',4,'2025-06-13 21:10:07',NULL,'Status updated to Need SC Approval'),
(149,'B61306',4,'2025-06-13 21:10:20',23,'Status updated to Need SC Approval'),
(150,'B61306',11,'2025-06-13 21:10:29',NULL,'SC Checked by QC'),
(151,'B61306',11,'2025-06-13 21:10:29',23,'SC approved by QC'),
(152,'B61306',11,'2025-06-13 21:20:38',NULL,'SC Checked by QC'),
(153,'B61306',11,'2025-06-13 21:20:38',23,'SC approved by QC'),
(154,'B61307',16,'2025-06-13 21:22:52',23,'Planning data saved'),
(155,'B61307',16,'2025-06-13 21:22:52',23,'Auto status update'),
(156,'B61307',4,'2025-06-13 21:23:00',23,'Status updated to Need SC Approval'),
(157,'B61307',4,'2025-06-13 21:23:00',23,'Auto status update'),
(158,'B61307',5,'2025-06-13 21:23:16',23,'Status changed via softcopy approval checkbox'),
(159,'B61307',4,'2025-06-13 21:23:18',NULL,'Status updated to Need SC Approval'),
(160,'B61307',11,'2025-06-13 21:23:39',NULL,'SC Checked by QC'),
(161,'B61307',11,'2025-06-13 21:23:39',23,'SC approved by QC'),
(162,'B61307',11,'2025-06-13 21:32:23',NULL,'SC Checked by QC'),
(163,'B61307',11,'2025-06-13 21:32:23',23,'SC approved by QC'),
(164,'B61307',11,'2025-06-13 21:34:16',NULL,'SC Checked by QC'),
(165,'B61307',11,'2025-06-13 21:34:16',23,'SC approved by QC'),
(166,'B61307',11,'2025-06-13 21:35:12',NULL,'SC Checked by QC'),
(167,'B61307',11,'2025-06-13 21:35:12',23,'SC approved by QC'),
(168,'B61307',11,'2025-06-13 21:42:13',NULL,'SC Checked by QC'),
(169,'B61307',11,'2025-06-13 21:42:13',23,'SC approved by QC'),
(170,'B61307',11,'2025-06-13 21:48:32',NULL,'SC Checked by QC'),
(171,'B61307',11,'2025-06-13 21:48:32',23,'SC approved by QC'),
(172,'B61306',4,'2025-06-14 07:59:50',23,'Status updated to Need SC Approval'),
(173,'B61306',4,'2025-06-14 07:59:50',23,'Auto status update'),
(174,'B61307',4,'2025-06-14 08:00:10',23,'Status updated to Need SC Approval'),
(175,'B61307',4,'2025-06-14 08:00:10',23,'Auto status update'),
(176,'B61307',11,'2025-06-14 08:07:02',23,'Status changed via Working on Cromalin checkbox'),
(177,'B61307',4,'2025-06-14 08:07:03',23,'Status updated to Need SC Approval'),
(178,'B61307',6,'2025-06-14 08:07:05',23,'Status changed via Working on Cromalin checkbox'),
(179,'B61307',4,'2025-06-14 08:07:06',23,'Status updated to Need SC Approval'),
(180,'B61307',4,'2025-06-14 08:07:07',23,'Status updated to Need SC Approval'),
(181,'B61307',4,'2025-06-14 08:07:07',23,'Auto status update'),
(182,'B61307',6,'2025-06-14 08:09:03',23,'Status changed via Working on Cromalin checkbox'),
(183,'B61307',4,'2025-06-14 08:09:04',23,'Status updated to Need SC Approval'),
(184,'B61307',4,'2025-06-14 08:09:05',23,'Status updated to Need SC Approval'),
(185,'B61307',4,'2025-06-14 08:09:05',23,'Auto status update'),
(186,'B61307',11,'2025-06-14 08:12:25',23,'Status changed via Working on Cromalin checkbox'),
(187,'B61307',4,'2025-06-14 08:12:25',23,'Status updated to Need SC Approval'),
(188,'B61307',6,'2025-06-14 08:12:28',23,'Status changed via Working on Cromalin checkbox'),
(189,'B61307',4,'2025-06-14 08:12:28',23,'Status updated to Need SC Approval'),
(190,'B61307',4,'2025-06-14 08:12:31',23,'Status updated to Need SC Approval'),
(191,'B61307',4,'2025-06-14 08:12:31',23,'Auto status update'),
(192,'B61307',11,'2025-06-14 08:13:46',23,'Status changed via Working on Cromalin checkbox'),
(193,'B61307',4,'2025-06-14 08:13:46',23,'Status updated to Need SC Approval'),
(194,'B61307',6,'2025-06-14 08:13:48',23,'Status changed via Working on Cromalin checkbox'),
(195,'B61307',4,'2025-06-14 08:13:48',23,'Status updated to Need SC Approval'),
(196,'B61307',4,'2025-06-14 08:13:51',23,'Status updated to Need SC Approval'),
(197,'B61307',4,'2025-06-14 08:13:51',23,'Auto status update'),
(198,'B61307',11,'2025-06-14 08:23:51',NULL,'SC Checked by QC'),
(199,'B61307',11,'2025-06-14 08:23:51',23,'SC approved by QC'),
(200,'B61307',8,'2025-06-14 08:26:39',23,'Status changed via Cromalin QC checkbox'),
(201,'B61307',11,'2025-06-14 08:26:41',NULL,'SC Checked by QC'),
(202,'B61307',11,'2025-06-14 08:26:41',23,'SC approved by QC'),
(203,'B61307',8,'2025-06-14 08:27:59',23,'Status changed via Cromalin QC checkbox'),
(204,'B61307',11,'2025-06-14 08:28:02',NULL,'SC Checked by QC'),
(205,'B61307',11,'2025-06-14 08:28:02',23,'SC approved by QC'),
(206,'B61307',9,'2025-06-14 08:36:51',23,'Status changed via Cromalin Approval checkbox'),
(207,'B61307',4,'2025-06-14 08:36:51',23,'Status updated to Need SC Approval'),
(208,'B61307',9,'2025-06-14 08:42:20',23,'Status changed via Cromalin Approval checkbox'),
(209,'B61307',4,'2025-06-14 08:42:20',23,'Status updated to Need SC Approval'),
(210,'B61307',4,'2025-06-14 08:42:26',23,'Status updated to Need SC Approval'),
(211,'B61307',4,'2025-06-14 08:42:26',23,'Auto status update'),
(212,'B61307',4,'2025-06-14 08:43:02',23,'Status updated to Need SC Approval'),
(213,'B61307',4,'2025-06-14 08:43:02',23,'Auto status update'),
(214,'B61307',16,'2025-06-14 08:45:27',23,'Clearing working_on_softcopy flag'),
(215,'B61307',4,'2025-06-14 08:45:27',23,'Auto status update'),
(216,'B61307',6,'2025-06-14 08:45:31',23,'Status changed via Working on Cromalin checkbox'),
(217,'B61307',4,'2025-06-14 08:45:31',23,'Status updated to Need SC Approval'),
(218,'B61307',9,'2025-06-14 08:46:35',23,'Status changed via Cromalin Approval checkbox'),
(219,'B61307',4,'2025-06-14 08:46:35',23,'Status updated to Need SC Approval'),
(220,'B61307',4,'2025-06-14 08:46:40',23,'Status updated to Need SC Approval'),
(221,'B61307',4,'2025-06-14 09:06:51',23,'Status updated to Need SC Approval'),
(222,'B61307',4,'2025-06-14 09:06:54',23,'Status updated to Need SC Approval'),
(223,'B61307',4,'2025-06-14 09:13:18',23,'Status updated to Need SC Approval'),
(224,'B61307',4,'2025-06-14 09:13:22',23,'Status updated to Need SC Approval'),
(225,'B61307',4,'2025-06-14 09:17:35',23,'Status updated to Need SC Approval'),
(226,'B61307',4,'2025-06-14 09:17:57',23,'Status updated to Need SC Approval'),
(227,'B61307',4,'2025-06-14 09:18:01',23,'Status updated to Need SC Approval'),
(228,'B61307',4,'2025-06-14 09:19:02',23,'Status updated to Need SC Approval'),
(229,'B61307',4,'2025-06-14 09:23:34',23,'Status updated to Need SC Approval'),
(230,'B61307',4,'2025-06-14 09:23:37',23,'Status updated to Need SC Approval'),
(231,'B61307',4,'2025-06-14 09:24:16',23,'Status updated to Need SC Approval'),
(232,'B61307',4,'2025-06-14 09:24:19',23,'Status updated to Need SC Approval'),
(233,'B61307',4,'2025-06-14 09:30:47',23,'Status updated to Need SC Approval'),
(234,'B61307',4,'2025-06-14 09:31:06',23,'Status updated to Need SC Approval'),
(235,'B61307',4,'2025-06-14 09:31:09',23,'Status updated to Need SC Approval'),
(236,'B61307',4,'2025-06-14 09:31:34',23,'Status updated to Need SC Approval'),
(237,'B61307',4,'2025-06-14 09:31:37',23,'Status updated to Need SC Approval'),
(238,'B61307',4,'2025-06-14 09:35:17',23,'Status updated to Need SC Approval'),
(239,'B61307',4,'2025-06-14 09:35:20',23,'Status updated to Need SC Approval'),
(240,'B61307',6,'2025-06-14 09:35:30',23,'Status changed via Working on Cromalin checkbox'),
(241,'B61307',4,'2025-06-14 09:35:30',23,'Status updated to Need SC Approval'),
(242,'B61307',9,'2025-06-14 09:35:33',23,'Status changed via Cromalin Approval checkbox'),
(243,'B61307',4,'2025-06-14 09:35:33',23,'Status updated to Need SC Approval'),
(244,'B61307',4,'2025-06-14 09:35:38',23,'Status updated to Need SC Approval'),
(245,'B61307',4,'2025-06-14 09:35:47',23,'Status updated to Need SC Approval'),
(246,'B61307',4,'2025-06-14 09:35:51',23,'Status updated to Need SC Approval'),
(247,'B61307',4,'2025-06-14 09:37:53',23,'Status updated to Need SC Approval'),
(248,'B61307',4,'2025-06-14 09:38:00',23,'Status updated to Need SC Approval'),
(249,'B61307',4,'2025-06-14 09:41:58',23,'Status updated to Need SC Approval'),
(250,'B61307',4,'2025-06-14 09:42:09',23,'Status updated to Need SC Approval'),
(251,'B61307',4,'2025-06-14 09:44:16',23,'Status updated to Need SC Approval'),
(252,'B61307',4,'2025-06-14 09:45:00',23,'Status updated to Need SC Approval'),
(253,'B61307',4,'2025-06-14 09:45:04',23,'Status updated to Need SC Approval'),
(254,'B61307',4,'2025-06-14 09:45:49',23,'Status updated to Need SC Approval'),
(255,'B61307',4,'2025-06-14 09:45:52',23,'Status updated to Need SC Approval'),
(256,'B61307',4,'2025-06-14 09:47:47',23,'Status updated to Need SC Approval'),
(257,'B61307',4,'2025-06-14 09:47:50',23,'Status updated to Need SC Approval'),
(258,'B61307',4,'2025-06-14 09:51:37',23,'Status updated to Need SC Approval'),
(259,'B61307',4,'2025-06-14 09:51:40',23,'Status updated to Need SC Approval'),
(260,'B61307',4,'2025-06-14 09:53:45',23,'Status updated to Need SC Approval'),
(261,'B61307',4,'2025-06-14 09:53:50',23,'Status updated to Need SC Approval'),
(262,'B61307',4,'2025-06-14 09:57:21',23,'Status updated to Need SC Approval'),
(263,'B61307',4,'2025-06-14 09:57:24',23,'Status updated to Need SC Approval'),
(264,'B61307',4,'2025-06-14 10:14:35',23,'Status updated to Need SC Approval'),
(265,'B61307',4,'2025-06-14 10:14:38',23,'Status updated to Need SC Approval'),
(266,'B61307',4,'2025-06-14 10:26:59',23,'Status updated to Need SC Approval'),
(267,'B61307',4,'2025-06-14 10:27:01',23,'Status updated to Need SC Approval'),
(268,'B61307',4,'2025-06-14 10:27:03',23,'Status updated to Need SC Approval'),
(269,'B61307',4,'2025-06-14 10:36:44',23,'Status updated to Need SC Approval'),
(270,'B61307',4,'2025-06-14 10:36:46',23,'Status updated to Need SC Approval'),
(271,'B61307',4,'2025-06-14 10:36:49',23,'Status updated to Need SC Approval'),
(272,'B61307',19,'2025-06-14 10:54:16',23,'Plates receipt reverted'),
(273,'B61307',4,'2025-06-14 10:54:16',23,'Status updated to Need SC Approval'),
(274,'B61307',19,'2025-06-14 10:54:18',23,'Plates received from supplier'),
(275,'B61307',4,'2025-06-14 10:54:18',23,'Status updated to Need SC Approval'),
(276,'B61307',4,'2025-06-14 10:54:21',23,'Status updated to Need SC Approval'),
(277,'B61307',19,'2025-06-14 11:02:19',23,'Plates receipt reverted'),
(278,'B61307',19,'2025-06-14 11:02:22',23,'Plates received from supplier'),
(279,'B61307',4,'2025-06-14 11:02:24',23,'Status updated to Need SC Approval'),
(280,'B61307',11,'2025-06-14 11:02:29',NULL,'SC Checked by QC'),
(281,'B61307',11,'2025-06-14 11:02:29',23,'SC approved by QC'),
(282,'B61307',11,'2025-06-14 11:02:40',NULL,'SC Checked by QC'),
(283,'B61307',11,'2025-06-14 11:02:40',23,'SC approved by QC'),
(284,'B61307',11,'2025-06-14 11:02:50',NULL,'SC Checked by QC'),
(285,'B61307',11,'2025-06-14 11:02:50',23,'SC approved by QC'),
(286,'B61307',19,'2025-06-14 11:12:13',23,'Plates receipt reverted'),
(287,'B61307',19,'2025-06-14 11:12:15',23,'Plates received from supplier'),
(288,'B61307',4,'2025-06-14 11:12:18',23,'Status updated to Need SC Approval'),
(289,'B61307',4,'2025-06-14 11:12:27',23,'Status updated to Need SC Approval'),
(290,'B61307',13,'2025-06-14 11:36:47',23,'Plates received by QC'),
(291,'B61307',11,'2025-06-14 11:36:50',NULL,'SC Checked by QC'),
(292,'B61307',11,'2025-06-14 11:36:50',23,'SC approved by QC'),
(293,'B61307',11,'2025-06-14 11:37:00',NULL,'SC Checked by QC'),
(294,'B61307',11,'2025-06-14 11:37:00',23,'SC approved by QC'),
(295,'B61307',11,'2025-06-14 11:56:21',NULL,'SC Checked by QC'),
(296,'B61307',11,'2025-06-14 11:56:21',23,'SC approved by QC'),
(297,'B61307',11,'2025-06-14 11:59:11',NULL,'SC Checked by QC'),
(298,'B61307',11,'2025-06-14 11:59:11',23,'SC approved by QC'),
(299,'B61307',10,'2025-06-14 12:04:49',23,'Plates QC reverted'),
(300,'B61307',10,'2025-06-14 12:04:51',23,'Plates QC completed'),
(301,'B61307',11,'2025-06-14 12:04:54',NULL,'SC Checked by QC'),
(302,'B61307',11,'2025-06-14 12:04:54',23,'SC approved by QC'),
(303,'B61307',10,'2025-06-14 12:10:59',23,'Plates QC completed'),
(304,'B61307',11,'2025-06-14 12:11:01',NULL,'SC Checked by QC'),
(305,'B61307',11,'2025-06-14 12:11:01',23,'SC approved by QC'),
(343,'B61307',10,'2025-06-14 12:31:01',23,'Plates QC completed'),
(344,'B61307',11,'2025-06-14 12:31:03',NULL,'SC Checked by QC'),
(345,'B61307',11,'2025-06-14 12:31:03',23,'SC approved by QC'),
(459,'B61402',1,'2025-06-14 20:53:29',23,'Auto status update'),
(460,'B61501',1,'2025-06-15 09:52:01',1,'Auto status update'),
(461,'B61402',16,'2025-06-15 13:47:46',23,'Status changed via softcopy approval checkbox'),
(462,'B61402',4,'2025-06-15 13:47:48',NULL,'Status updated to Need SC Approval'),
(463,'B61402',2,'2025-06-15 13:47:52',23,'Auto status update'),
(464,'B61402',2,'2025-06-15 13:48:03',23,'Auto status update'),
(465,'B61502',1,'2025-06-15 13:49:40',23,'Auto status update'),
(466,'B61502',2,'2025-06-15 13:50:10',23,'Auto status update'),
(467,'B61503',1,'2025-06-15 13:57:03',23,'Auto status update'),
(468,'B61503',16,'2025-06-15 14:00:18',23,'Planning data saved'),
(469,'B61503',16,'2025-06-15 14:00:18',23,'Auto status update'),
(470,'B61503',4,'2025-06-15 14:02:15',23,'Status updated to Need SC Approval'),
(471,'B61503',4,'2025-06-15 14:02:15',23,'Auto status update'),
(472,'B61503',5,'2025-06-15 14:03:47',23,'Status changed via softcopy approval checkbox'),
(473,'B61503',4,'2025-06-15 14:03:49',NULL,'Status updated to Need SC Approval'),
(474,'B61503',1,'2025-06-15 14:03:50',23,'Auto status update'),
(475,'B61503',11,'2025-06-15 14:04:18',23,'SC Checked by QC'),
(476,'B61503',6,'2025-06-15 14:05:54',23,'Status changed via Working on Cromalin checkbox'),
(477,'B61503',4,'2025-06-15 14:05:54',23,'Status updated to Need SC Approval'),
(478,'B61503',4,'2025-06-15 14:05:58',23,'Status updated to Need SC Approval'),
(479,'B61503',8,'2025-06-15 14:06:13',23,'Status changed via Cromalin QC checkbox'),
(480,'B61503',11,'2025-06-15 14:06:16',23,'SC Checked by QC'),
(481,'B61503',9,'2025-06-15 14:06:27',23,'Status changed via Cromalin Approval checkbox'),
(482,'B61503',4,'2025-06-15 14:06:27',23,'Status updated to Need SC Approval'),
(483,'B61503',4,'2025-06-15 14:06:30',23,'Status updated to Need SC Approval'),
(484,'B61503',4,'2025-06-15 14:08:34',23,'Status updated to Need SC Approval'),
(485,'B61503',4,'2025-06-15 14:09:44',23,'Status updated to Need SC Approval'),
(486,'B61503',19,'2025-06-15 14:09:44',23,'Plates received from supplier'),
(487,'B61503',4,'2025-06-15 14:09:49',23,'Status updated to Need SC Approval'),
(488,'B61503',11,'2025-06-15 14:10:12',23,'SC Checked by QC'),
(489,'B61503',10,'2025-06-15 14:10:26',23,'Plates QC completed'),
(490,'B61503',11,'2025-06-15 14:10:28',23,'SC Checked by QC'),
(491,'B61503',10,'2025-06-15 14:10:28',23,'Plates QC completed'),
(519,'B61502',4,'2025-06-15 15:07:42',23,'Status updated to Need SC Approval'),
(520,'B61502',4,'2025-06-15 15:07:42',23,'Auto status update'),
(521,'B61502',4,'2025-06-15 15:08:01',23,'Status updated to Need SC Approval'),
(523,'b60803',1,'2025-06-15 15:59:51',23,'Auto status update'),
(524,'b60803',1,'2025-06-15 16:00:05',23,'Auto status update'),
(525,'B61504',1,'2025-06-15 16:00:52',23,'Auto status update'),
(526,'B61504',16,'2025-06-15 16:02:33',23,'Planning data saved'),
(527,'B61504',16,'2025-06-15 16:02:33',23,'Auto status update'),
(528,'B61504',4,'2025-06-15 16:03:08',23,'Status updated to Need SC Approval'),
(529,'B61504',4,'2025-06-15 16:03:08',23,'Auto status update'),
(530,'b61505',1,'2025-06-15 16:28:21',23,'Auto status update'),
(531,'b61505',16,'2025-06-15 16:28:50',23,'Planning data saved'),
(532,'b61505',16,'2025-06-15 16:28:50',23,'Auto status update'),
(533,'b61505',4,'2025-06-15 16:29:13',23,'Status updated to Need SC Approval'),
(534,'b61505',4,'2025-06-15 16:29:13',23,'Auto status update'),
(535,'b61505',4,'2025-06-15 16:36:53',23,'Status updated to Need SC Approval'),
(536,'b61505',4,'2025-06-15 16:48:34',23,'Status updated to Need SC Approval'),
(537,'b61505',4,'2025-06-15 16:56:23',23,'Status updated to Need SC Approval'),
(538,'b61505',5,'2025-06-15 16:56:29',23,'Status changed via softcopy approval checkbox'),
(539,'b61505',4,'2025-06-15 16:56:30',NULL,'Status updated to Need SC Approval'),
(540,'b61505',11,'2025-06-15 16:56:39',23,'SC Checked by QC'),
(541,'b61505',9,'2025-06-15 16:56:45',23,'Status changed via Cromalin Approval checkbox'),
(542,'b61505',4,'2025-06-15 16:56:45',23,'Status updated to Need SC Approval'),
(543,'b61505',16,'2025-06-15 16:57:03',23,'Status changed via softcopy approval checkbox'),
(544,'b61505',4,'2025-06-15 16:57:05',NULL,'Status updated to Need SC Approval'),
(545,'b61505',5,'2025-06-15 16:57:06',23,'Status changed via softcopy approval checkbox'),
(546,'b61505',4,'2025-06-15 16:57:07',NULL,'Status updated to Need SC Approval'),
(547,'b61505',4,'2025-06-15 16:57:21',23,'Status updated to Need SC Approval'),
(548,'b61505',4,'2025-06-15 16:57:23',23,'Status updated to Need SC Approval'),
(549,'b61505',19,'2025-06-15 16:57:23',23,'Plates received from supplier'),
(550,'b61505',8,'2025-06-15 16:57:26',23,'Status changed via Cromalin QC checkbox'),
(551,'b61505',10,'2025-06-15 16:57:30',23,'Plates QC completed'),
(552,'b61505',11,'2025-06-15 16:57:32',23,'SC Checked by QC'),
(553,'b61505',10,'2025-06-15 16:57:32',23,'Plates QC completed'),
(554,'B61601',1,'2025-06-16 08:34:28',23,'Auto status update'),
(555,'B61601',16,'2025-06-16 08:35:09',23,'Planning data saved'),
(556,'B61601',16,'2025-06-16 08:35:09',23,'Auto status update'),
(557,'B61601',16,'2025-06-16 08:52:31',23,'Clearing working_on_softcopy flag'),
(558,'B61601',16,'2025-06-16 08:52:31',23,'Clearing working_on_softcopy flag'),
(559,'B61601',4,'2025-06-16 08:52:33',23,NULL),
(560,'B61601',4,'2025-06-16 08:54:45',23,'Status updated to Need SC Approval'),
(561,'B61601',5,'2025-06-16 08:55:07',23,'Status changed via softcopy approval checkbox'),
(562,'B61601',4,'2025-06-16 08:55:15',NULL,'Status updated to Need SC Approval'),
(563,'B61601',4,'2025-06-16 08:55:36',23,'Status updated to Need SC Approval'),
(564,'B61601',4,'2025-06-16 10:22:30',23,'Status updated to Need SC Approval'),
(565,'B61601',4,'2025-06-16 10:22:44',23,'Status updated to Need SC Approval'),
(566,'B61601',4,'2025-06-16 10:45:08',23,'Status updated to Need SC Approval'),
(567,'B61601',4,'2025-06-16 10:45:16',23,'Status updated to Need SC Approval'),
(568,'B61601',11,'2025-06-16 10:46:14',23,'SC Checked by QC'),
(569,'B61601',6,'2025-06-16 10:47:34',23,'Status changed via Working on Cromalin checkbox'),
(570,'B61601',4,'2025-06-16 10:47:34',23,'Status updated to Need SC Approval'),
(571,'B61601',4,'2025-06-16 10:47:39',23,'Status updated to Need SC Approval'),
(572,'B61601',8,'2025-06-16 10:48:01',23,'Status changed via Cromalin QC checkbox'),
(573,'B61601',9,'2025-06-16 10:48:16',23,'Status changed via Cromalin Approval checkbox'),
(574,'B61601',4,'2025-06-16 10:48:16',23,'Status updated to Need SC Approval'),
(575,'B61601',4,'2025-06-16 10:48:31',23,'Status updated to Need SC Approval'),
(576,'B61601',19,'2025-06-16 10:48:31',23,'Plates received from supplier'),
(577,'B61601',4,'2025-06-16 10:48:35',23,'Status updated to Need SC Approval'),
(578,'B61601',10,'2025-06-16 10:49:18',23,'Plates QC completed'),
(579,'B61601',11,'2025-06-16 10:49:24',23,'SC Checked by QC'),
(580,'B61601',10,'2025-06-16 10:49:24',23,'Plates QC completed'),
(581,'B61601',16,'2025-06-16 11:05:16',23,'Planning data saved'),
(582,'B61601',4,'2025-06-16 11:05:27',23,'Status updated to Need SC Approval'),
(583,'B61601',4,'2025-06-16 11:08:01',23,'Status updated to Need SC Approval'),
(584,'B61601',4,'2025-06-16 11:08:12',23,'Status updated to Need SC Approval'),
(585,'B61601',4,'2025-06-16 11:28:00',23,'Status updated to Need SC Approval'),
(618,'B61603',16,'2025-06-16 13:37:44',23,'Planning data saved'),
(619,'B61603',16,'2025-06-16 13:37:44',23,'Auto status update'),
(620,'B61603',4,'2025-06-16 13:38:25',23,'Status updated to Need SC Approval'),
(621,'B61603',4,'2025-06-16 13:38:25',23,'Auto status update'),
(622,'B61603',5,'2025-06-16 13:38:33',23,'Status changed via softcopy approval checkbox'),
(623,'B61603',4,'2025-06-16 13:38:35',NULL,'Status updated to Need SC Approval'),
(624,'B61603',11,'2025-06-16 13:39:43',23,'SC Checked by QC'),
(625,'B61603',6,'2025-06-16 13:40:54',23,'Status changed via Working on Cromalin checkbox'),
(626,'B61603',4,'2025-06-16 13:40:54',23,'Status updated to Need SC Approval'),
(627,'B61603',9,'2025-06-16 13:40:57',23,'Status changed via Cromalin Approval checkbox'),
(628,'B61603',4,'2025-06-16 13:40:57',23,'Status updated to Need SC Approval'),
(629,'B61603',4,'2025-06-16 13:41:23',23,'Status updated to Need SC Approval'),
(630,'B61603',8,'2025-06-16 13:41:29',23,'Status changed via Cromalin QC checkbox'),
(631,'B61604',16,'2025-06-16 14:25:04',23,'Planning data saved'),
(632,'B61604',16,'2025-06-16 14:25:04',23,'Auto status update'),
(633,'B61604',4,'2025-06-16 14:25:26',23,'Status updated to Need SC Approval'),
(634,'B61604',4,'2025-06-16 14:25:26',23,'Auto status update'),
(635,'B61604',5,'2025-06-16 14:25:50',23,'Status changed via softcopy approval checkbox'),
(636,'B61604',4,'2025-06-16 14:25:52',NULL,'Status updated to Need SC Approval'),
(637,'B61604',11,'2025-06-16 14:26:06',23,'SC Checked by QC'),
(638,'B61604',6,'2025-06-16 14:27:07',23,'Status changed via Working on Cromalin checkbox'),
(639,'B61604',4,'2025-06-16 14:27:07',23,'Status updated to Need SC Approval'),
(640,'B61604',8,'2025-06-16 14:27:26',23,'Status changed via Cromalin QC checkbox'),
(641,'B61604',9,'2025-06-16 14:27:49',23,'Status changed via Cromalin Approval checkbox'),
(642,'B61604',4,'2025-06-16 14:27:49',23,'Status updated to Need SC Approval'),
(643,'B61604',4,'2025-06-16 14:28:04',23,'Status updated to Need SC Approval'),
(644,'B61604',19,'2025-06-16 14:28:04',23,'Plates received from supplier'),
(645,'B61604',10,'2025-06-16 14:28:20',23,'Plates QC completed'),
(646,'B61606',16,'2025-06-16 14:54:41',23,'Planning data saved'),
(647,'B61606',16,'2025-06-16 14:54:41',23,'Auto status update'),
(648,'B61606',4,'2025-06-16 14:54:52',23,'Status updated to Need SC Approval'),
(649,'B61606',4,'2025-06-16 14:54:52',23,'Auto status update'),
(650,'B61606',4,'2025-06-16 14:55:04',23,'Status updated to Need SC Approval'),
(651,'B61606',11,'2025-06-16 14:55:36',23,'SC Checked by QC'),
(652,'B61606',4,'2025-06-16 15:04:40',23,'Status updated to Need SC Approval'),
(653,'B61606',4,'2025-06-16 15:04:58',23,'Status updated to Need SC Approval'),
(654,'B61606',4,'2025-06-16 15:04:58',23,'Auto status update'),
(655,'B61606',4,'2025-06-16 15:05:13',23,'Status updated to Need SC Approval'),
(656,'B61606',4,'2025-06-16 15:05:13',23,'Auto status update'),
(657,'B61606',4,'2025-06-16 15:42:42',23,'Status updated to Need SC Approval'),
(658,'B61606',4,'2025-06-16 15:42:42',23,'Auto status update'),
(659,'B61606',11,'2025-06-16 15:45:07',23,'SC Checked by QC'),
(660,'B61606',4,'2025-06-16 16:42:23',23,'Status updated to Need SC Approval'),
(661,'B61606',4,'2025-06-16 16:50:58',23,'Status updated to Need SC Approval'),
(662,'B61606',11,'2025-06-17 08:26:13',23,'SC Checked by QC'),
(663,'B61606',4,'2025-06-17 08:26:39',23,'Status updated to Need SC Approval'),
(664,'B61606',4,'2025-06-17 08:37:58',23,'Status updated to Need SC Approval'),
(665,'B61606',4,'2025-06-17 09:01:03',23,'Status updated to Need SC Approval'),
(666,'B61606',4,'2025-06-17 09:01:03',23,'Auto status update'),
(667,'B61606',4,'2025-06-17 09:09:33',23,'Status updated to Need SC Approval'),
(668,'B61702',1,'2025-06-17 09:30:43',23,'Auto status update'),
(669,'B61701',1,'2025-06-17 11:54:37',23,'Auto status update'),
(707,'B61604',1,'2025-06-17 15:40:37',23,'Auto status update'),
(708,'B61604',9,'2025-06-17 15:40:55',23,'Status changed via Cromalin Approval checkbox'),
(709,'B61604',4,'2025-06-17 15:40:55',23,'Status updated to Need SC Approval'),
(710,'B61604',9,'2025-06-18 08:46:17',23,'Status changed via Cromalin Approval checkbox'),
(711,'B61604',4,'2025-06-18 08:46:17',23,'Status updated to Need SC Approval'),
(712,'B61801',16,'2025-06-18 09:09:13',23,'Planning data saved'),
(713,'B61801',16,'2025-06-18 09:09:13',23,'Auto status update'),
(714,'B61801',16,'2025-06-18 09:09:27',23,'Clearing working_on_softcopy flag'),
(715,'B61801',4,'2025-06-18 09:09:27',23,'Auto status update'),
(716,'B61801',4,'2025-06-18 09:09:31',23,'Status updated to Need SC Approval'),
(717,'B61801',5,'2025-06-18 09:09:44',23,'Status changed via softcopy approval checkbox'),
(718,'B61801',4,'2025-06-18 09:09:45',NULL,'Status updated to Need SC Approval'),
(719,'B61801',11,'2025-06-18 09:09:56',23,'SC Checked by QC'),
(720,'B61801',11,'2025-06-18 09:14:49',23,'SC Checked by QC'),
(721,'B61801',6,'2025-06-18 09:15:34',23,'Status changed via Working on Cromalin checkbox'),
(722,'B61801',4,'2025-06-18 09:15:34',23,'Status updated to Need SC Approval'),
(723,'B61801',8,'2025-06-18 09:16:03',23,'Status changed via Cromalin QC checkbox'),
(724,'B61801',9,'2025-06-18 09:16:11',23,'Status changed via Cromalin Approval checkbox'),
(725,'B61801',4,'2025-06-18 09:16:11',23,'Status updated to Need SC Approval'),
(726,'B61801',9,'2025-06-18 09:18:09',23,'Status changed via Cromalin Approval checkbox'),
(727,'B61801',4,'2025-06-18 09:18:09',23,'Status updated to Need SC Approval'),
(728,'B61801',6,'2025-06-18 09:18:36',23,'Status changed via Working on Cromalin checkbox'),
(729,'B61801',4,'2025-06-18 09:18:36',23,'Status updated to Need SC Approval'),
(730,'B61801',9,'2025-06-18 09:18:39',23,'Status changed via Cromalin Approval checkbox'),
(731,'B61801',4,'2025-06-18 09:18:39',23,'Status updated to Need SC Approval'),
(732,'B61801',9,'2025-06-18 09:21:25',23,'Status changed via Cromalin Approval checkbox'),
(733,'B61801',4,'2025-06-18 09:21:25',23,'Status updated to Need SC Approval'),
(734,'B61801',4,'2025-06-18 09:22:18',23,'Status updated to Need SC Approval'),
(735,'B61801',19,'2025-06-18 09:22:18',23,'Plates received from supplier'),
(736,'B61801',10,'2025-06-18 09:22:48',23,'Plates QC completed'),
(737,'b60801',1,'2025-06-18 09:38:16',23,'Auto status update'),
(738,'B61801',16,'2025-06-18 09:43:31',23,'Planning data saved'),
(739,'B61702',1,'2025-06-18 11:44:06',23,'Auto status update'),
(740,'B61702',6,'2025-06-18 11:44:14',23,'Status changed via Working on Cromalin checkbox'),
(741,'B61702',4,'2025-06-18 11:44:14',23,'Status updated to Need SC Approval'),
(742,'B61702',4,'2025-06-18 11:44:16',23,'Status updated to Need SC Approval'),
(743,'B61702',4,'2025-06-18 11:44:39',23,'Status updated to Need SC Approval'),
(744,'B61702',4,'2025-06-18 11:47:57',23,'Status updated to Need SC Approval'),
(745,'B61702',4,'2025-06-18 11:48:46',23,'Status updated to Need SC Approval'),
(746,'B61702',4,'2025-06-18 11:48:55',23,'Status updated to Need SC Approval'),
(747,'B61702',19,'2025-06-18 11:48:55',23,'Plates received from supplier'),
(748,'B61702',4,'2025-06-18 11:48:58',23,'Status updated to Need SC Approval'),
(749,'B61702',1,'2025-06-18 11:50:40',23,'Auto status update'),
(750,'B61702',6,'2025-06-18 11:50:54',23,'Status changed via Working on Cromalin checkbox'),
(751,'B61702',4,'2025-06-18 11:50:54',23,'Status updated to Need SC Approval'),
(752,'B61702',4,'2025-06-18 11:50:57',23,'Status updated to Need SC Approval'),
(753,'B61702',9,'2025-06-18 11:51:03',23,'Status changed via Cromalin Approval checkbox'),
(754,'B61702',4,'2025-06-18 11:51:03',23,'Status updated to Need SC Approval'),
(755,'B61702',4,'2025-06-18 11:51:06',23,'Status updated to Need SC Approval'),
(756,'B61702',6,'2025-06-18 11:57:33',23,'Status changed via Working on Cromalin checkbox'),
(757,'B61702',4,'2025-06-18 11:57:33',23,'Status updated to Need SC Approval'),
(758,'B61702',4,'2025-06-18 11:57:36',23,'Status updated to Need SC Approval'),
(759,'B61702',6,'2025-06-18 12:04:48',23,'Status changed via Working on Cromalin checkbox'),
(760,'B61702',4,'2025-06-18 12:04:48',23,'Status updated to Need SC Approval'),
(761,'B61702',4,'2025-06-18 12:04:52',23,'Status updated to Need SC Approval'),
(762,'B61702',16,'2025-06-18 12:06:54',23,'Clearing working_on_softcopy flag'),
(763,'B61702',4,'2025-06-18 12:06:54',23,'Auto status update'),
(764,'B61702',4,'2025-06-18 12:06:57',23,'Status updated to Need SC Approval'),
(765,'B61702',6,'2025-06-18 12:07:00',23,'Status changed via Working on Cromalin checkbox'),
(766,'B61702',4,'2025-06-18 12:07:00',23,'Status updated to Need SC Approval'),
(767,'B61702',16,'2025-06-18 12:23:11',23,'Clearing working_on_softcopy flag'),
(768,'B61702',4,'2025-06-18 12:23:12',23,'Auto status update'),
(769,'B61702',4,'2025-06-18 12:23:20',23,'Status updated to Need SC Approval'),
(770,'B61702',6,'2025-06-18 12:23:23',23,'Status changed via Working on Cromalin checkbox'),
(771,'B61702',4,'2025-06-18 12:23:23',23,'Status updated to Need SC Approval'),
(772,'B61702',4,'2025-06-18 12:23:25',23,'Status updated to Need SC Approval'),
(773,'B61702',16,'2025-06-18 12:23:26',23,'Clearing working_on_softcopy flag'),
(774,'B61702',4,'2025-06-18 12:23:26',23,'Auto status update'),
(775,'B61702',16,'2025-06-18 12:23:34',23,'Clearing working_on_softcopy flag'),
(776,'B61702',4,'2025-06-18 12:23:34',23,'Auto status update'),
(777,'B61702',6,'2025-06-18 12:25:04',23,'Status changed via Working on Cromalin checkbox'),
(778,'B61702',4,'2025-06-18 12:25:04',23,'Status updated to Need SC Approval'),
(779,'B61702',4,'2025-06-18 12:25:06',23,'Status updated to Need SC Approval'),
(780,'B61702',9,'2025-06-18 12:26:11',23,'Status changed via Cromalin Approval checkbox'),
(781,'B61702',4,'2025-06-18 12:26:11',23,'Status updated to Need SC Approval'),
(782,'B61702',4,'2025-06-18 12:26:13',23,'Status updated to Need SC Approval'),
(783,'B61702',4,'2025-06-18 12:26:22',23,'Status updated to Need SC Approval'),
(784,'B61702',11,'2025-06-18 12:26:31',23,'SC Checked by QC'),
(785,'B61503',4,'2025-06-18 12:51:20',23,'Status updated to Need SC Approval'),
(786,'B61503',4,'2025-06-18 12:51:28',23,'Status updated to Need SC Approval'),
(787,'B61801',4,'2025-06-18 12:51:41',23,'Status updated to Need SC Approval'),
(788,'B61801',4,'2025-06-18 12:51:44',23,'Status updated to Need SC Approval'),
(789,'B61702',8,'2025-06-18 12:51:53',23,'Status changed via Cromalin QC checkbox'),
(790,'B61702',11,'2025-06-18 12:51:55',23,'SC Checked by QC'),
(791,'B61702',1,'2025-06-18 12:53:35',23,'Auto status update'),
(792,'B61702',1,'2025-06-18 13:19:56',23,'Auto status update'),
(793,'B61702',1,'2025-06-18 13:20:37',23,'Auto status update'),
(795,'B61702',1,'2025-06-18 13:26:00',23,'Auto status update'),
(796,'B61702',1,'2025-06-18 13:26:17',23,'Auto status update'),
(797,'B61604',1,'2025-06-18 13:26:48',23,'Auto status update'),
(798,'B61702',1,'2025-06-18 13:33:07',23,'Auto status update'),
(830,'b61704',19,'2025-06-19 11:03:45',2,'Status changed via dropdown'),
(831,'b61901',16,'2025-06-19 11:05:07',23,'Planning data saved'),
(832,'b61901',16,'2025-06-19 11:05:07',23,'Auto status update'),
(833,'b61901',4,'2025-06-19 11:10:59',23,'Status updated to Need SC Approval'),
(834,'b61901',4,'2025-06-19 11:10:59',23,'Auto status update'),
(837,'b61901',5,'2025-06-19 14:24:19',23,'Status changed via dropdown'),
(850,'B61902',1,'2025-06-19 15:35:59',23,'Status changed via dropdown'),
(851,'B61902',2,'2025-06-19 15:36:14',23,'Status changed via dropdown'),
(852,'B61902',16,'2025-06-19 15:36:30',23,'Status changed via dropdown'),
(853,'B61902',16,'2025-06-19 15:36:55',23,'Planning data saved'),
(854,'B61902',16,'2025-06-19 15:36:55',23,'Auto status update'),
(855,'B61902',4,'2025-06-19 15:37:15',23,'Status changed via dropdown'),
(856,'B61902',5,'2025-06-19 15:37:30',23,'Status changed via dropdown'),
(857,'B61902',11,'2025-06-19 15:37:55',23,'Status changed via dropdown'),
(858,'B61902',6,'2025-06-19 15:38:52',23,'Status changed via dropdown'),
(859,'B61902',8,'2025-06-19 15:39:16',23,'Status changed via dropdown'),
(860,'B61902',9,'2025-06-19 15:45:43',23,'Status changed via dropdown'),
(861,'B61902',9,'2025-06-19 15:45:45',23,'Status changed via dropdown'),
(862,'B61902',10,'2025-06-19 15:45:49',23,'Plates QC completed'),
(863,'B61903',1,'2025-06-19 16:21:28',23,'Status changed via dropdown'),
(864,'B61903',2,'2025-06-19 16:21:36',23,'Status changed via dropdown'),
(865,'B61903',16,'2025-06-19 16:21:42',23,'Status changed via dropdown'),
(866,'B61903',4,'2025-06-19 16:21:47',23,'Status changed via dropdown'),
(867,'B61903',5,'2025-06-19 16:21:52',23,'Status changed via dropdown'),
(868,'B61903',11,'2025-06-19 16:21:55',23,'Status changed via dropdown'),
(869,'B61903',6,'2025-06-19 16:21:59',23,'Status changed via dropdown'),
(870,'B61903',8,'2025-06-19 16:22:06',23,'Status changed via dropdown'),
(871,'B61903',9,'2025-06-19 16:22:12',23,'Status changed via dropdown'),
(872,'B61903',19,'2025-06-19 16:22:17',23,'Status changed via dropdown'),
(873,'B61903',13,'2025-06-19 16:22:22',23,'Status changed via dropdown'),
(874,'B61903',13,'2025-06-19 16:22:30',23,'Status changed via dropdown'),
(875,'B61903',13,'2025-06-19 16:22:35',23,'Status changed via dropdown'),
(876,'B61903',13,'2025-06-19 16:23:49',23,'Status changed via dropdown'),
(877,'B61903',13,'2025-06-19 16:25:20',23,'Status changed via dropdown'),
(878,'B61903',13,'2025-06-19 16:26:18',23,'Status changed via dropdown'),
(879,'B61903',13,'2025-06-19 16:26:37',23,'Status changed via dropdown'),
(880,'B61903',13,'2025-06-19 16:29:52',23,'Status changed via dropdown'),
(881,'B61903',13,'2025-06-19 16:36:04',23,'Status changed via dropdown'),
(882,'B61903',13,'2025-06-19 16:41:50',23,'Status changed via dropdown'),
(883,'B62002',1,'2025-06-20 14:17:42',23,'Status changed via dropdown'),
(884,'B62002',2,'2025-06-20 14:17:49',23,'Status changed via dropdown'),
(885,'B62002',16,'2025-06-20 14:18:24',23,'Status changed via dropdown'),
(886,'B62002',4,'2025-06-20 14:18:36',23,'Status changed via dropdown'),
(887,'B62002',5,'2025-06-20 14:19:01',23,'Status changed via dropdown'),
(888,'B62002',11,'2025-06-20 14:19:19',23,'Status changed via dropdown'),
(889,'B62002',6,'2025-06-20 14:20:09',23,'Status changed via dropdown'),
(890,'B62002',8,'2025-06-20 14:20:24',23,'Status changed via dropdown'),
(891,'B62002',9,'2025-06-20 14:21:33',23,'Status changed via dropdown'),
(892,'B62002',19,'2025-06-20 14:49:14',23,'Status changed via dropdown'),
(893,'B62002',13,'2025-06-20 14:49:27',23,'Status changed via dropdown'),
(894,'B62002',10,'2025-06-20 14:49:35',23,'Status changed via dropdown'),
(925,'B62003',1,'2025-06-20 16:19:38',23,'Status changed via dropdown'),
(926,'B62003',2,'2025-06-20 16:19:44',23,'Status changed via dropdown'),
(927,'B62003',2,'2025-06-20 16:19:46',23,'Status changed via dropdown'),
(928,'B62003',16,'2025-06-20 16:19:55',23,'Status changed via dropdown'),
(929,'B62003',4,'2025-06-20 16:20:01',23,'Status changed via dropdown'),
(930,'B62003',5,'2025-06-20 16:20:07',23,'Status changed via dropdown'),
(931,'B62003',11,'2025-06-20 16:20:13',23,'Status changed via dropdown'),
(932,'B62003',6,'2025-06-20 16:20:22',23,'Status changed via dropdown'),
(933,'B62003',12,'2025-06-20 16:20:43',23,'Status changed via dropdown'),
(934,'B62003',9,'2025-06-20 16:25:57',23,'Status changed via dropdown'),
(935,'B62004',1,'2025-06-20 16:28:46',23,'Status changed via dropdown'),
(936,'B62004',2,'2025-06-20 16:28:53',23,'Status changed via dropdown'),
(937,'B62004',16,'2025-06-20 16:29:10',23,'Status changed via dropdown'),
(938,'B62004',4,'2025-06-20 16:29:27',23,'Status changed via dropdown'),
(939,'B62004',5,'2025-06-20 16:29:36',23,'Status changed via dropdown'),
(940,'B62004',11,'2025-06-20 16:29:56',23,'Status changed via dropdown'),
(941,'B62004',6,'2025-06-20 16:30:13',23,'Status changed via dropdown'),
(942,'B62004',12,'2025-06-20 16:30:36',23,'Status changed via dropdown'),
(943,'B62004',9,'2025-06-20 16:31:04',23,'Status changed via dropdown'),
(961,'B62005',1,'2025-06-20 17:10:19',23,'Status changed via dropdown'),
(962,'B62005',2,'2025-06-20 17:10:28',23,'Status changed via dropdown'),
(963,'B62005',2,'2025-06-20 17:10:29',23,'Status changed via dropdown'),
(964,'B62005',2,'2025-06-20 17:10:30',23,'Status changed via dropdown'),
(965,'B62005',2,'2025-06-20 17:10:32',23,'Status changed via dropdown'),
(966,'B62005',16,'2025-06-20 17:10:37',23,'Status changed via dropdown'),
(967,'B62005',4,'2025-06-20 17:10:42',23,'Status changed via dropdown'),
(968,'B62005',5,'2025-06-20 17:10:45',23,'Status changed via dropdown'),
(969,'B62005',11,'2025-06-20 17:10:49',23,'Status changed via dropdown'),
(970,'B62005',6,'2025-06-20 17:10:53',23,'Status changed via dropdown'),
(971,'B62005',12,'2025-06-20 17:10:58',23,'Status changed via dropdown'),
(972,'B62005',9,'2025-06-20 17:11:14',23,'Status changed via dropdown'),
(973,'B62006',1,'2025-06-20 17:33:01',23,'Status changed via dropdown'),
(974,'B62006',2,'2025-06-20 17:33:07',23,'Status changed via dropdown'),
(975,'B62006',16,'2025-06-20 17:33:15',23,'Status changed via dropdown'),
(976,'B62006',4,'2025-06-20 17:33:20',23,'Status changed via dropdown'),
(977,'B62006',11,'2025-06-20 17:45:28',23,'Status changed via dropdown'),
(978,'B62006',6,'2025-06-20 17:45:46',23,'Status changed via dropdown'),
(979,'B62006',12,'2025-06-20 17:46:28',23,'Status changed via dropdown'),
(995,'B62006',9,'2025-06-20 18:54:24',23,'Status changed via dropdown'),
(996,'B62007',1,'2025-06-20 19:02:06',23,'Status changed via dropdown'),
(997,'B62007',2,'2025-06-20 19:03:11',23,'Status changed via dropdown'),
(998,'B62007',16,'2025-06-20 19:03:24',23,'Status changed via dropdown'),
(999,'B62007',4,'2025-06-20 19:03:40',23,'Status changed via dropdown'),
(1000,'B62007',5,'2025-06-20 19:04:17',23,'Status changed via dropdown'),
(1001,'B62007',11,'2025-06-20 19:04:39',23,'Status changed via dropdown'),
(1002,'B62007',6,'2025-06-20 19:04:58',23,'Status changed via dropdown'),
(1003,'B62007',12,'2025-06-20 19:05:14',23,'Status changed via dropdown'),
(1004,'B62007',9,'2025-06-20 19:05:32',23,'Status changed via dropdown'),
(1005,'B62007',19,'2025-06-20 19:06:27',23,'Status changed via dropdown'),
(1006,'B62007',13,'2025-06-20 19:06:50',23,'Status changed via dropdown'),
(1007,'B62007',10,'2025-06-20 19:07:01',23,'Status changed via dropdown'),
(1008,'b62008',16,'2025-06-20 19:08:16',23,'Status changed via dropdown'),
(1009,'b62008',4,'2025-06-20 19:08:22',23,'Status changed via dropdown'),
(1010,'b62008',5,'2025-06-20 19:08:29',23,'Status changed via dropdown'),
(1011,'b62008',11,'2025-06-20 19:08:34',23,'Status changed via dropdown'),
(1012,'b62008',9,'2025-06-20 19:08:42',23,'Status changed via dropdown'),
(1013,'B62009',16,'2025-06-20 19:13:37',23,'Status changed via dropdown'),
(1014,'B62009',4,'2025-06-20 19:13:48',23,'Status changed via dropdown'),
(1015,'B62009',5,'2025-06-20 19:14:03',23,'Status changed via dropdown'),
(1016,'B62010',16,'2025-06-20 19:23:33',23,'Status changed via dropdown'),
(1017,'B62010',4,'2025-06-20 19:23:47',23,'Status changed via dropdown'),
(1018,'B62010',5,'2025-06-20 19:24:02',23,'Status changed via dropdown'),
(1019,'B62010',11,'2025-06-20 19:24:14',23,'Status changed via dropdown'),
(1020,'B62010',6,'2025-06-20 19:24:24',23,'Status changed via dropdown'),
(1021,'B62010',12,'2025-06-20 19:24:39',23,'Status changed via dropdown'),
(1022,'B62010',9,'2025-06-20 19:25:03',23,'Status changed via dropdown'),
(1030,'B62011',16,'2025-06-20 19:29:54',23,'Status changed via dropdown'),
(1031,'B62011',4,'2025-06-20 19:29:58',23,'Status changed via dropdown'),
(1032,'B62011',5,'2025-06-20 19:30:42',23,'Status changed via dropdown'),
(1033,'B62011',11,'2025-06-20 19:30:57',23,'Status changed via dropdown'),
(1034,'B62011',6,'2025-06-20 19:31:05',23,'Status changed via dropdown'),
(1035,'B62011',12,'2025-06-20 19:31:13',23,'Status changed via dropdown'),
(1036,'B62011',9,'2025-06-20 19:31:23',23,'Status changed via dropdown'),
(1037,'B62011',19,'2025-06-20 19:31:33',23,'Status changed via dropdown'),
(1038,'B62011',4,'2025-06-20 19:48:08',2,'Status updated to Need SC Approval'),
(1039,'B62011',4,'2025-06-20 19:49:05',2,'Status updated to Need SC Approval'),
(1040,'B62011',4,'2025-06-20 19:50:03',2,'Status updated to Need SC Approval'),
(1041,'B62010',4,'2025-06-20 20:33:24',2,'Status updated to Need SC Approval'),
(1042,'B62010',4,'2025-06-20 20:34:41',2,'Status updated to Need SC Approval'),
(1043,'B62011',9,'2025-06-20 20:55:42',2,'Status changed via Cromalin Approval checkbox'),
(1044,'B62010',9,'2025-06-20 20:56:18',2,'Status changed via Cromalin Approval checkbox'),
(1045,'B62011',16,'2025-06-21 09:57:42',23,'Planning data saved'),
(1046,'B62011',16,'2025-06-21 09:57:42',23,'Status changed via dropdown'),
(1047,'B62011',11,'2025-06-21 09:58:15',23,'proceed!!'),
(1048,'B62011',11,'2025-06-21 09:58:26',23,'QC proceed!!'),
(1049,'B62011',16,'2025-06-21 09:59:02',23,'Planning data saved'),
(1050,'B62011',16,'2025-06-21 09:59:02',23,'Status changed via dropdown'),
(1051,'B62011',5,'2025-06-21 10:19:54',23,'Status changed via softcopy approval checkbox'),
(1052,'B62011',16,'2025-06-21 10:20:12',23,'Planning data saved'),
(1053,'B62011',16,'2025-06-21 10:20:12',23,'Status changed via dropdown'),
(1054,'B62011',16,'2025-06-21 10:20:36',23,'Clearing working_on_softcopy flag'),
(1055,'B62011',4,'2025-06-21 10:20:36',23,'Status changed via dropdown'),
(1056,'B62101',16,'2025-06-21 10:21:26',23,'Status changed via dropdown'),
(1057,'B62101',4,'2025-06-21 10:21:33',23,'Status changed via dropdown'),
(1058,'B62101',5,'2025-06-21 10:22:21',23,'Status changed via dropdown'),
(1059,'B62101',11,'2025-06-21 10:22:39',23,'Status changed via dropdown'),
(1060,'B62101',6,'2025-06-21 10:22:54',23,'Status changed via dropdown'),
(1061,'B62101',12,'2025-06-21 10:23:05',23,'Status changed via dropdown'),
(1062,'B62101',9,'2025-06-21 10:23:15',23,'Status changed via dropdown'),
(1063,'B62101',19,'2025-06-21 10:23:41',23,'Status changed via dropdown'),
(1064,'B62101',13,'2025-06-21 10:23:53',23,'Status changed via dropdown'),
(1065,'B62101',10,'2025-06-21 10:24:06',23,'Status changed via dropdown'),
(1066,'B62101',16,'2025-06-21 13:07:56',23,'Planning data saved'),
(1067,'B62101',16,'2025-06-21 13:07:56',23,'Status changed via dropdown'),
(1068,'B62101',16,'2025-06-21 13:13:17',23,'Planning data saved'),
(1069,'B62101',16,'2025-06-21 13:13:17',23,'Status changed via dropdown'),
(1070,'B62101',16,'2025-06-21 13:13:36',23,'Planning data saved'),
(1071,'B62101',16,'2025-06-21 13:13:36',23,'Status changed via dropdown'),
(1072,'B62101',9,'2025-06-21 13:14:55',23,'Status changed via Cromalin Approval checkbox'),
(1299,'B62201',16,'2025-06-22 13:13:36',23,'Planning data saved'),
(1300,'B62201',16,'2025-06-22 13:13:36',23,'Status changed via dropdown'),
(1301,'B62201',16,'2025-06-22 13:17:28',23,'Clearing working_on_softcopy flag'),
(1302,'B62201',4,'2025-06-22 13:17:28',23,'Status changed via dropdown'),
(1303,'B62201',1,'2025-06-22 13:33:50',23,'Status changed via dropdown'),
(1310,'B62001',2,'2025-06-22 14:30:30',18,'Status changed via dropdown'),
(1311,'B62010',19,'2025-06-22 14:31:54',3,'Status changed via dropdown'),
(1313,'B62204',1,'2025-06-22 15:55:21',18,'Status changed via dropdown'),
(1314,'B62204',2,'2025-06-22 15:55:34',18,'Status changed via dropdown'),
(1315,'B62204',16,'2025-06-22 15:57:21',2,'Status changed via dropdown'),
(1316,'B62204',4,'2025-06-22 15:57:31',2,'Status changed via dropdown'),
(1317,'B62204',5,'2025-06-22 15:58:59',18,'Status changed via dropdown'),
(1318,'B62204',11,'2025-06-22 16:00:13',11,'Status changed via dropdown'),
(1319,'B62204',6,'2025-06-22 16:02:27',3,'Status changed via dropdown'),
(1320,'B62204',12,'2025-06-22 16:03:23',11,'Status changed via dropdown'),
(1321,'B62204',9,'2025-06-22 16:04:06',2,'Status changed via dropdown'),
(1322,'B62204',19,'2025-06-22 16:04:16',2,'Status changed via dropdown'),
(1323,'B62204',13,'2025-06-22 16:07:13',11,'Status changed via dropdown'),
(1324,'B62204',10,'2025-06-22 16:07:26',11,'Status changed via dropdown'),
(1325,'b60803',1,'2025-06-24 09:42:01',23,'Status changed via dropdown');
/*!40000 ALTER TABLE `job_status_history` ENABLE KEYS */;
UNLOCK TABLES;

--
-- Table structure for table `job_suppliers`
--

DROP TABLE IF EXISTS `job_suppliers`;
/*!40101 SET @saved_cs_client     = @@character_set_client */;
/*!40101 SET character_set_client = utf8mb4 */;
CREATE TABLE `job_suppliers` (
  `id` int(11) NOT NULL AUTO_INCREMENT,
  `job_number` varchar(20) NOT NULL,
  `supplier` varchar(32) NOT NULL,
  PRIMARY KEY (`id`),
  KEY `job_number` (`job_number`),
  CONSTRAINT `job_suppliers_ibfk_1` FOREIGN KEY (`job_number`) REFERENCES `jobs` (`job_number`)
) ENGINE=InnoDB AUTO_INCREMENT=2 DEFAULT CHARSET=utf8mb4 COLLATE=utf8mb4_general_ci;
/*!40101 SET character_set_client = @saved_cs_client */;

--
-- Dumping data for table `job_suppliers`
--

LOCK TABLES `job_suppliers` WRITE;
/*!40000 ALTER TABLE `job_suppliers` DISABLE KEYS */;
INSERT INTO `job_suppliers` VALUES
(1,'B52201','elite');
/*!40000 ALTER TABLE `job_suppliers` ENABLE KEYS */;
UNLOCK TABLES;

--
-- Table structure for table `jobs`
--

DROP TABLE IF EXISTS `jobs`;
/*!40101 SET @saved_cs_client     = @@character_set_client */;
/*!40101 SET character_set_client = utf8mb4 */;
CREATE TABLE `jobs` (
  `id` int(11) NOT NULL AUTO_INCREMENT,
  `customer_id` int(11) DEFAULT NULL,
  `salesman` varchar(255) DEFAULT NULL,
  `entry_date` date DEFAULT NULL,
  `job_number` varchar(50) DEFAULT NULL,
  `job_name` varchar(255) DEFAULT NULL,
  `quantity` decimal(10,2) DEFAULT NULL,
  `quantity_unit` varchar(20) DEFAULT NULL,
  `product_type` varchar(100) DEFAULT NULL,
  `width` decimal(10,2) DEFAULT NULL,
  `height` decimal(10,2) DEFAULT NULL,
  `gusset` decimal(10,2) DEFAULT NULL,
  `flap` decimal(10,2) DEFAULT NULL,
  `press_type` varchar(100) DEFAULT NULL,
  `print_orientation` varchar(100) DEFAULT NULL,
  `unwinding_direction` varchar(10) DEFAULT NULL,
  `comments` text DEFAULT NULL,
  `created_at` timestamp NULL DEFAULT current_timestamp(),
  `updated_at` timestamp NULL DEFAULT current_timestamp() ON UPDATE current_timestamp(),
  `created_by` int(11) DEFAULT NULL,
  `financial_approval` tinyint(1) DEFAULT 0,
  `technical_approval` tinyint(1) DEFAULT 0,
  `on_hold` tinyint(1) DEFAULT 0,
  `sc_sent_to_sales` tinyint(1) DEFAULT 0,
  `sc_sent_to_qc` tinyint(1) DEFAULT 0,
  `working_on_cromalin` tinyint(1) DEFAULT 0,
  `cromalin_qc_check` tinyint(1) DEFAULT 0,
  `cromalin_ready` tinyint(1) DEFAULT 0,
  `working_on_repro` tinyint(1) DEFAULT 0,
  `plates_ready` tinyint(1) DEFAULT 0,
  `sc_checked` tinyint(1) DEFAULT 0,
  `cromalin_checked` tinyint(1) DEFAULT 0,
  `plates_received` tinyint(1) DEFAULT 0,
  `plates_checked` tinyint(1) DEFAULT 0,
  `two_faces` tinyint(1) DEFAULT NULL,
  `side_gusset` tinyint(1) DEFAULT NULL,
  `bottom_gusset` tinyint(1) DEFAULT NULL,
  `hole_handle` tinyint(1) DEFAULT NULL,
  `strip_handle` tinyint(1) DEFAULT NULL,
  `printed_ply_material` varchar(50) DEFAULT NULL,
  `printed_ply_finish` varchar(50) DEFAULT NULL,
  `printed_ply_thickness` decimal(5,2) DEFAULT NULL,
  `second_ply_material` varchar(50) DEFAULT NULL,
  `second_ply_finish` varchar(50) DEFAULT NULL,
  `second_ply_thickness` decimal(5,2) DEFAULT NULL,
  `third_ply_material` varchar(50) DEFAULT NULL,
  `third_ply_finish` varchar(50) DEFAULT NULL,
  `third_ply_thickness` decimal(5,2) DEFAULT NULL,
  `fourth_ply_material` varchar(50) DEFAULT NULL,
  `fourth_ply_finish` varchar(50) DEFAULT NULL,
  `fourth_ply_thickness` decimal(5,2) DEFAULT NULL,
  `bag_options` longtext CHARACTER SET utf8mb4 COLLATE utf8mb4_bin DEFAULT NULL CHECK (json_valid(`bag_options`)),
  `flip_direction` tinyint(1) DEFAULT NULL,
  `working_on_job_study` tinyint(1) DEFAULT 0,
  `working_on_softcopy` tinyint(1) DEFAULT 0,
  PRIMARY KEY (`id`),
  KEY `customer_id` (`customer_id`),
  KEY `idx_job_number` (`job_number`),
  KEY `fk_job_creator` (`created_by`),
  KEY `idx_jobs_job_number` (`job_number`),
  CONSTRAINT `fk_job_creator` FOREIGN KEY (`created_by`) REFERENCES `users` (`id`),
  CONSTRAINT `jobs_ibfk_1` FOREIGN KEY (`customer_id`) REFERENCES `customers` (`id`)
) ENGINE=InnoDB AUTO_INCREMENT=356 DEFAULT CHARSET=utf8mb4 COLLATE=utf8mb4_general_ci;
/*!40101 SET character_set_client = @saved_cs_client */;

--
-- Dumping data for table `jobs`
--

LOCK TABLES `jobs` WRITE;
/*!40000 ALTER TABLE `jobs` DISABLE KEYS */;
INSERT INTO `jobs` VALUES
(14,10,'Administrator','2025-05-04','B50403','First Job Ever',99.00,'1000bags','4 Side',NULL,NULL,NULL,NULL,'Central Drum','Surface','B',NULL,'2025-05-04 13:24:27','2025-05-26 06:58:32',1,0,0,0,0,0,0,0,0,0,0,0,0,0,0,0,0,0,0,0,NULL,NULL,NULL,NULL,NULL,NULL,NULL,NULL,NULL,NULL,NULL,NULL,NULL,NULL,0,0),
(15,11,'Ramy','2025-05-04','b50404','EEEEEEE',99.00,'1000bags','4 Side',NULL,NULL,NULL,NULL,'Stack Type','Surface','B',NULL,'2025-05-04 13:25:35','2025-05-26 06:58:32',1,0,0,0,0,0,0,0,0,0,0,0,0,0,0,0,0,0,0,0,NULL,NULL,NULL,NULL,NULL,NULL,NULL,NULL,NULL,NULL,NULL,NULL,NULL,NULL,0,0),
(16,12,'Administrator','2025-05-05','B50501','Nescafe',555.00,'kg','4 Side',NULL,NULL,NULL,NULL,'Central Drum','Reverse','C',NULL,'2025-05-05 06:17:50','2025-05-26 06:58:32',1,0,0,1,0,0,0,0,0,0,0,0,0,0,0,0,0,0,0,0,NULL,NULL,NULL,NULL,NULL,NULL,NULL,NULL,NULL,NULL,NULL,NULL,NULL,NULL,0,0),
(17,13,'Administrator','2025-05-05','B50502','Oxi Jordan 250 gm',555.00,'kg','Center Seal',NULL,NULL,NULL,NULL,'Central Drum','Reverse','C',NULL,'2025-05-05 06:19:38','2025-05-26 06:58:32',1,0,1,0,0,0,0,0,0,0,0,0,0,0,0,0,0,0,0,0,NULL,NULL,NULL,NULL,NULL,NULL,NULL,NULL,NULL,NULL,NULL,NULL,NULL,NULL,0,0),
(18,14,'Administrator','2025-05-05','B50503','Rice 1kg',11.00,'1000bags','Center Seal',NULL,NULL,NULL,NULL,'Central Drum','Reverse','C',NULL,'2025-05-05 06:26:24','2025-05-26 06:58:32',1,1,0,0,0,0,0,0,0,0,0,0,0,0,0,0,0,0,0,0,NULL,NULL,NULL,NULL,NULL,NULL,NULL,NULL,NULL,NULL,NULL,NULL,NULL,NULL,0,0),
(19,15,'Mahmoud','2025-05-05','B50504','Kitty Sand 2kg',11.00,'1000bags','Flat Bottom',NULL,NULL,NULL,NULL,'Central Drum','Reverse','C',NULL,'2025-05-05 06:32:36','2025-05-26 06:58:32',1,0,0,0,0,0,0,0,0,0,0,0,0,0,0,0,0,0,0,0,NULL,NULL,NULL,NULL,NULL,NULL,NULL,NULL,NULL,NULL,NULL,NULL,NULL,NULL,0,0),
(20,16,'Administrator','2025-05-05','B50505','Petrabet 2KG',11.00,'1000bags','Flat Bottom',NULL,NULL,NULL,NULL,'Central Drum','Reverse','C',NULL,'2025-05-05 06:36:07','2025-05-26 06:58:32',1,0,1,0,0,0,0,0,0,0,0,0,0,0,0,0,0,0,0,0,NULL,NULL,NULL,NULL,NULL,NULL,NULL,NULL,NULL,NULL,NULL,NULL,NULL,NULL,0,0),
(21,17,'Alaa','2025-05-05','b50506','Coffee Bag',11.00,'1000bags','Shopping Bag',NULL,NULL,NULL,NULL,'Stack Type','Reverse','C',NULL,'2025-05-05 06:38:12','2025-05-26 06:58:32',1,0,0,0,0,0,0,0,0,0,0,0,0,0,0,0,0,0,0,0,NULL,NULL,NULL,NULL,NULL,NULL,NULL,NULL,NULL,NULL,NULL,NULL,NULL,NULL,0,0),
(22,18,'Mahmoud','2025-05-05','B50507','Mask Bag',11.00,'bags','Center Seal',NULL,NULL,NULL,NULL,'Central Drum','Surface','C',NULL,'2025-05-05 07:53:42','2025-05-26 06:58:32',1,0,0,0,0,0,0,0,0,0,0,0,0,0,0,0,0,0,0,0,NULL,NULL,NULL,NULL,NULL,NULL,NULL,NULL,NULL,NULL,NULL,NULL,NULL,NULL,0,0),
(23,19,'Hatem','2025-05-05','B50508','Fine Fluffy',11.00,'bags','Normal Bag',NULL,NULL,NULL,NULL,'Central Drum','Surface','C',NULL,'2025-05-05 07:55:55','2025-05-26 06:58:32',1,0,0,0,0,0,0,0,0,0,0,0,0,0,0,0,0,0,0,0,NULL,NULL,NULL,NULL,NULL,NULL,NULL,NULL,NULL,NULL,NULL,NULL,NULL,NULL,0,0),
(24,20,'Administrator','2025-05-05','B50509','Silva Hammas',11.00,'bags','Normal Bag',13.00,22.00,7.00,4.00,'Central Drum','Reverse','C',NULL,'2025-05-05 09:57:15','2025-05-31 12:48:46',1,0,0,1,0,0,0,0,0,0,0,0,0,0,0,0,0,0,0,0,NULL,NULL,NULL,NULL,NULL,NULL,NULL,NULL,NULL,NULL,NULL,NULL,NULL,0,0,0),
(25,21,'Alaa','2025-05-05','B50510','Abou Tafesh Nuts 180 gm',55.00,'kg','Center Seal',NULL,NULL,NULL,NULL,'Central Drum','Reverse','B',NULL,'2025-05-05 10:02:59','2025-05-26 06:58:32',1,0,0,0,0,0,0,0,0,0,0,0,0,0,0,0,0,0,0,0,NULL,NULL,NULL,NULL,NULL,NULL,NULL,NULL,NULL,NULL,NULL,NULL,NULL,NULL,0,0),
(29,25,'Mahmoud','2025-05-06','B50601','Cold Alex Okra Zero',44.00,'bags','3 Side',NULL,NULL,NULL,NULL,'Central Drum','Reverse','B',NULL,'2025-05-06 04:37:13','2025-05-26 06:58:32',1,0,0,0,0,0,0,0,0,0,0,0,0,0,0,0,0,0,0,0,NULL,NULL,NULL,NULL,NULL,NULL,NULL,NULL,NULL,NULL,NULL,NULL,NULL,NULL,0,0),
(30,26,'Hatem','2025-05-06','B50602','Oxi Gel Black',555.00,'bags','3 Side Stand Up',NULL,NULL,NULL,NULL,'Central Drum','Surface','D',NULL,'2025-05-06 05:19:12','2025-05-26 06:58:32',1,0,0,0,0,0,0,0,0,0,0,0,0,0,0,0,0,0,0,0,NULL,NULL,NULL,NULL,NULL,NULL,NULL,NULL,NULL,NULL,NULL,NULL,NULL,NULL,0,0),
(31,27,'Ramy','2025-05-06','B50603','Al Wazir  250gm',555.00,'bags','3 Side Stand Up',NULL,NULL,NULL,NULL,'Central Drum','Surface','D',NULL,'2025-05-06 05:21:16','2025-05-26 06:58:32',1,0,0,0,0,0,0,0,0,0,0,0,0,0,0,0,0,0,0,0,NULL,NULL,NULL,NULL,NULL,NULL,NULL,NULL,NULL,NULL,NULL,NULL,NULL,NULL,0,0),
(55,28,'Hatem','2025-05-06','B50605','Nescafe Gold 250gm',11.00,'kg','3 Side',NULL,NULL,NULL,NULL,'Central Drum','Reverse','B',NULL,'2025-05-06 08:57:05','2025-05-26 06:58:32',1,0,0,0,0,0,0,0,0,0,0,0,0,0,0,0,0,0,0,0,NULL,NULL,NULL,NULL,NULL,NULL,NULL,NULL,NULL,NULL,NULL,NULL,NULL,NULL,0,0),
(56,32,'Duha','2025-05-06','B50606','Kitty Sand 2kg',11.00,'1000bags','3 Side',NULL,NULL,NULL,NULL,'Central Drum','Reverse','B',NULL,'2025-05-06 09:01:56','2025-05-26 06:58:32',1,0,0,0,0,0,0,0,0,0,0,0,0,0,0,0,0,0,0,0,NULL,NULL,NULL,NULL,NULL,NULL,NULL,NULL,NULL,NULL,NULL,NULL,NULL,NULL,0,0),
(97,28,'Hatem','2025-05-06','B50607','Nescafe Gold 1kg',555.00,'bags','3 Side',NULL,NULL,NULL,NULL,'Central Drum','Reverse','A',NULL,'2025-05-06 10:53:35','2025-05-26 06:58:32',1,0,0,0,0,0,0,0,0,0,0,0,0,0,0,0,0,0,0,0,NULL,NULL,NULL,NULL,NULL,NULL,NULL,NULL,NULL,NULL,NULL,NULL,NULL,NULL,0,0),
(111,28,'Hatem','2025-05-06','B50608','Nescafe Gold 1kg',555.00,'bags','3 Side',NULL,NULL,NULL,NULL,'Central Drum','Reverse','A',NULL,'2025-05-06 11:27:05','2025-05-26 06:58:32',1,0,0,0,0,0,0,0,0,0,0,0,0,0,0,0,0,0,0,0,NULL,NULL,NULL,NULL,NULL,NULL,NULL,NULL,NULL,NULL,NULL,NULL,NULL,NULL,0,0),
(113,28,'Hatem','2025-05-06','B50610','Nescafe Gold 2kg',555.00,'bags','3 Side',NULL,NULL,NULL,NULL,'Central Drum','Reverse','A',NULL,'2025-05-06 11:29:03','2025-05-26 06:58:32',1,0,0,0,0,0,0,0,0,0,0,0,0,0,0,0,0,0,0,0,NULL,NULL,NULL,NULL,NULL,NULL,NULL,NULL,NULL,NULL,NULL,NULL,NULL,NULL,0,0),
(114,34,'Duha','2025-05-07','B50701','Fine Fluffy 550 Green',11.00,'bags','Normal Bag',NULL,NULL,NULL,NULL,'Central Drum','Reverse','A',NULL,'2025-05-07 05:02:49','2025-05-26 06:58:32',1,0,0,0,0,0,0,0,0,0,0,0,0,0,0,0,0,0,0,0,NULL,NULL,NULL,NULL,NULL,NULL,NULL,NULL,NULL,NULL,NULL,NULL,NULL,NULL,0,0),
(116,35,'Amjad','2025-05-07','B50703','Cold Alex Corn 800gm',11.00,'bags','Normal Bag',NULL,NULL,NULL,NULL,'Central Drum','Reverse','A',NULL,'2025-05-07 05:07:46','2025-05-26 06:58:32',1,0,0,0,0,0,0,0,0,0,0,0,0,0,0,0,0,0,0,0,NULL,NULL,NULL,NULL,NULL,NULL,NULL,NULL,NULL,NULL,NULL,NULL,NULL,NULL,0,0),
(117,36,'Amjad','2025-05-07','B50704','Fine Adult Diaper',11.00,'bags','Normal Bag',22.00,33.00,11.00,7.00,'Central Drum','Reverse','A',NULL,'2025-05-07 05:19:49','2025-05-26 06:58:32',1,0,0,0,0,0,0,0,0,0,0,0,0,0,0,0,0,0,0,0,NULL,NULL,NULL,NULL,NULL,NULL,NULL,NULL,NULL,NULL,NULL,NULL,NULL,NULL,0,0),
(120,37,'Ramy','2025-05-07','B50705','Dax Green 5kg',555.00,'1000bags','3 Side',22.00,33.00,NULL,NULL,'Central Drum','Reverse','C',NULL,'2025-05-07 13:40:15','2025-05-26 06:58:32',1,0,0,0,0,0,0,0,0,0,0,0,0,0,0,0,0,0,0,0,NULL,NULL,NULL,NULL,NULL,NULL,NULL,NULL,NULL,NULL,NULL,NULL,NULL,NULL,0,0),
(121,38,'Alaa','2025-05-07','b50706','Tazweed Bag',555.00,'1000bags','3 Side',22.00,33.00,NULL,NULL,'Stack Type','Reverse','C',NULL,'2025-05-07 13:42:06','2025-05-26 06:58:32',1,0,0,0,0,0,0,0,0,0,0,0,0,0,0,0,0,0,0,0,NULL,NULL,NULL,NULL,NULL,NULL,NULL,NULL,NULL,NULL,NULL,NULL,NULL,NULL,0,0),
(122,39,'Amjad','2025-05-07','b50707','Letwal Orange',555.00,'1000bags','4 Side',22.00,33.00,12.00,NULL,'Stack Type','Reverse','C',NULL,'2025-05-07 13:44:09','2025-05-26 06:58:32',1,0,0,0,0,0,0,0,0,0,0,0,0,0,0,0,0,0,0,0,NULL,NULL,NULL,NULL,NULL,NULL,NULL,NULL,NULL,NULL,NULL,NULL,NULL,NULL,0,0),
(124,41,'Hatem','2025-05-09','B50902','Coffee Bag',555.00,'bags','2 Side',22.00,11.00,NULL,NULL,'Central Drum','Reverse','B',NULL,'2025-05-09 13:15:58','2025-05-26 06:58:32',1,0,0,0,0,0,0,0,0,0,0,0,0,0,0,0,0,0,0,0,NULL,NULL,NULL,NULL,NULL,NULL,NULL,NULL,NULL,NULL,NULL,NULL,NULL,NULL,0,0),
(131,42,'Hatem','2025-05-09','B50903','Oxi Jordan 250 gm',555.00,'bags','3 Side K',NULL,NULL,NULL,NULL,'Central Drum','Surface','B',NULL,'2025-05-09 17:15:59','2025-05-26 06:58:32',NULL,0,0,0,0,0,0,0,0,0,0,0,0,0,0,0,0,0,0,0,NULL,NULL,NULL,NULL,NULL,NULL,NULL,NULL,NULL,NULL,NULL,NULL,NULL,NULL,0,0),
(135,41,'Hatem','2025-05-09','B50904','Coffee Bag',555.00,'bags','2 Side',22.00,11.00,NULL,NULL,'Central Drum','Reverse','B',NULL,'2025-05-09 17:46:02','2025-05-26 06:58:32',NULL,0,0,0,0,0,0,0,0,0,0,0,0,0,0,0,0,0,0,0,NULL,NULL,NULL,NULL,NULL,NULL,NULL,NULL,NULL,NULL,NULL,NULL,NULL,NULL,0,0),
(139,43,'Amjad','2025-05-11','B51102','Rice 1kg',11.00,'bags','3 Side',22.00,33.00,NULL,NULL,'Central Drum','Reverse','B',NULL,'2025-05-11 07:01:58','2025-05-26 06:58:32',NULL,0,0,0,0,0,0,0,0,0,0,0,0,0,0,0,0,0,0,0,NULL,NULL,NULL,NULL,NULL,NULL,NULL,NULL,NULL,NULL,NULL,NULL,NULL,NULL,0,0),
(140,35,'Hatem','2025-05-11','B51103','Coffee Bag',11.00,'bags','2 Side',NULL,NULL,NULL,NULL,'Central Drum','Reverse','B',NULL,'2025-05-11 07:06:09','2025-05-26 06:58:32',NULL,0,0,0,0,0,0,0,0,0,0,0,0,0,0,0,0,0,0,0,NULL,NULL,NULL,NULL,NULL,NULL,NULL,NULL,NULL,NULL,NULL,NULL,NULL,NULL,0,0),
(143,44,'Hatem','2025-05-11','B51104','Brown Rice 2kg',11.00,'bags','3 Side',NULL,NULL,NULL,NULL,'Central Drum','Surface','C',NULL,'2025-05-11 08:00:37','2025-05-26 06:58:32',NULL,0,0,0,0,0,0,0,0,0,0,0,0,0,0,0,0,0,0,0,NULL,NULL,NULL,NULL,NULL,NULL,NULL,NULL,NULL,NULL,NULL,NULL,NULL,NULL,0,0),
(144,35,'Amjad','2025-05-11','B51105','Coffee Bag',11.00,'1000bags','3 Side',NULL,NULL,NULL,NULL,'Central Drum','Reverse','B',NULL,'2025-05-11 09:42:50','2025-05-26 06:58:32',NULL,0,0,0,0,0,0,0,0,0,0,0,0,0,0,0,0,0,0,0,NULL,NULL,NULL,NULL,NULL,NULL,NULL,NULL,NULL,NULL,NULL,NULL,NULL,NULL,0,0),
(160,35,NULL,'2025-05-12','b51202','Coffee Bag',11.00,'bags','2 Side',NULL,NULL,NULL,NULL,'Stack Type','Reverse','B',NULL,'2025-05-12 05:02:32','2025-05-26 06:58:32',NULL,0,0,0,0,0,0,0,0,0,0,0,0,0,0,0,0,0,0,0,NULL,NULL,NULL,NULL,NULL,NULL,NULL,NULL,NULL,NULL,NULL,NULL,NULL,NULL,0,0),
(161,35,'Raed Tanbouz','2025-05-12','B51203','Cold Alex Corn 800gm',11.00,'select-unit','Center Seal',NULL,NULL,NULL,NULL,'Central Drum','Surface','B',NULL,'2025-05-12 06:49:22','2025-05-26 06:58:32',NULL,0,0,0,0,0,0,0,0,0,0,0,0,0,0,0,0,0,0,0,NULL,NULL,NULL,NULL,NULL,NULL,NULL,NULL,NULL,NULL,NULL,NULL,NULL,NULL,0,0),
(162,28,'Hatem Al-Taweel','2025-05-12','B51204','Nescafe Arabica 320gm',555.00,'meters','Center Seal',NULL,NULL,NULL,NULL,'Central Drum','Reverse','C',NULL,'2025-05-12 06:55:05','2025-05-26 06:58:32',NULL,0,0,0,0,0,0,0,0,0,0,0,0,0,0,0,0,0,0,0,NULL,NULL,NULL,NULL,NULL,NULL,NULL,NULL,NULL,NULL,NULL,NULL,NULL,NULL,0,0),
(163,47,'Administrator','2025-05-12','B51205','Dove Jasmin 180gm',11.00,'1000bags','3 Side K',NULL,NULL,NULL,NULL,'Central Drum','Surface','B',NULL,'2025-05-12 06:59:02','2025-05-30 14:43:11',NULL,1,0,0,0,0,0,0,0,0,0,0,0,0,0,0,0,0,0,0,NULL,NULL,NULL,NULL,NULL,NULL,NULL,NULL,NULL,NULL,NULL,NULL,NULL,0,0,0),
(164,47,'Kais Al-Taweel','2025-05-12','B51206','Dove Red Rose 180gm',11.00,'1000bags','3 Side K',NULL,NULL,NULL,NULL,'Central Drum','Surface','B',NULL,'2025-05-12 07:00:09','2025-05-26 06:58:32',NULL,0,0,0,0,0,0,0,0,0,0,0,0,0,0,0,0,0,0,0,NULL,NULL,NULL,NULL,NULL,NULL,NULL,NULL,NULL,NULL,NULL,NULL,NULL,NULL,0,0),
(172,47,'Administrator','2025-05-12','B51209','Dove Lavender 180gm',11.00,'1000bags','3 Side K',NULL,NULL,NULL,NULL,'Central Drum','Surface','B',NULL,'2025-05-12 15:48:53','2025-05-26 06:58:32',NULL,0,0,0,0,0,0,0,0,0,0,0,0,0,0,0,0,0,0,0,NULL,NULL,NULL,NULL,NULL,NULL,NULL,NULL,NULL,NULL,NULL,NULL,NULL,NULL,0,0),
(177,54,'Administrator','2025-05-12','B51210','Dove Oriental 180gm',11.00,'1000bags','3 Side K',NULL,NULL,NULL,NULL,'Central Drum','Surface','B',NULL,'2025-05-12 16:33:58','2025-05-26 06:58:32',NULL,0,0,0,0,0,0,0,0,0,0,0,0,0,0,0,0,0,0,0,NULL,NULL,NULL,NULL,NULL,NULL,NULL,NULL,NULL,NULL,NULL,NULL,NULL,NULL,0,0),
(183,51,'Administrator','2025-05-13','B51301','Coffee Bag',44.00,'1000bags','3 Side',22.00,33.00,NULL,NULL,'Central Drum','Surface','B',NULL,'2025-05-13 11:41:35','2025-05-26 06:58:32',NULL,0,0,0,0,0,0,0,0,0,0,0,0,0,0,0,0,0,0,0,NULL,NULL,NULL,NULL,NULL,NULL,NULL,NULL,NULL,NULL,NULL,NULL,NULL,NULL,0,0),
(184,52,'Administrator','2025-05-13','B51302','Gypsy Green 550',44.00,'1000bags','3 Side',22.00,33.00,NULL,NULL,'Central Drum','Surface','B',NULL,'2025-05-13 11:48:09','2025-05-26 06:58:32',NULL,0,0,0,0,0,0,0,0,0,0,0,0,0,0,0,0,0,0,0,NULL,NULL,NULL,NULL,NULL,NULL,NULL,NULL,NULL,NULL,NULL,NULL,NULL,NULL,0,0),
(188,55,'Administrator','2025-05-14','B51401','Molfix Diaber Size 4',11.00,'bags','Normal Bag',NULL,NULL,NULL,NULL,'Central Drum','Reverse','A',NULL,'2025-05-14 05:32:45','2025-05-26 06:58:32',NULL,0,0,0,0,0,0,0,0,0,0,0,0,0,0,0,0,0,0,0,NULL,NULL,NULL,NULL,NULL,NULL,NULL,NULL,NULL,NULL,NULL,NULL,NULL,NULL,0,0),
(190,55,'Administrator','2025-05-20','B52001','Molfix Diaber Size 4',11.00,'bags','Normal Bag',NULL,NULL,NULL,NULL,'Central Drum','Reverse','A',NULL,'2025-05-20 10:07:40','2025-05-26 06:58:32',NULL,0,1,0,0,0,0,0,0,0,0,0,0,0,0,0,0,0,0,0,NULL,NULL,NULL,NULL,NULL,NULL,NULL,NULL,NULL,NULL,NULL,NULL,NULL,NULL,0,0),
(191,55,'Administrator','2025-05-21','B52101','Molfix Diaber Size 4',11.00,'bags','Normal Bag',NULL,NULL,NULL,NULL,'Central Drum','Reverse','A',NULL,'2025-05-21 10:45:10','2025-05-26 06:58:32',NULL,0,1,0,0,0,0,0,0,0,0,0,0,0,0,0,0,0,0,0,NULL,NULL,NULL,NULL,NULL,NULL,NULL,NULL,NULL,NULL,NULL,NULL,NULL,NULL,0,0),
(192,55,'Administrator','2025-05-22','B52201','Molfix Diaber Size 4',11.00,'bags','Shopping Bag',22.00,33.00,NULL,NULL,'Central Drum','Reverse','A',NULL,'2025-05-22 05:48:28','2025-05-26 06:56:14',NULL,0,0,1,0,0,0,0,0,0,0,0,0,0,0,1,1,0,0,0,NULL,NULL,NULL,NULL,NULL,NULL,NULL,NULL,NULL,NULL,NULL,NULL,NULL,NULL,0,0),
(193,55,'Administrator','2025-05-23','B52301','Molfix Diaber Size 4',11.00,'bags','3 Side',22.00,33.00,11.00,NULL,'Central Drum','Reverse','A',NULL,'2025-05-23 16:59:09','2025-05-26 12:48:04',NULL,1,0,0,0,0,0,0,0,0,0,0,0,0,0,0,0,0,0,0,NULL,NULL,NULL,NULL,NULL,NULL,NULL,NULL,NULL,NULL,NULL,NULL,NULL,1,0,0),
(195,32,'Administrator','2025-05-24','B52401','Kitty Sand 2kg',11.00,'1000bags','3 Side',22.00,33.00,11.00,NULL,'Central Drum','Reverse','B',NULL,'2025-05-24 11:17:36','2025-05-26 06:58:32',NULL,0,0,1,0,0,0,0,0,0,0,0,0,0,0,0,0,0,0,0,NULL,NULL,NULL,NULL,NULL,NULL,NULL,NULL,NULL,NULL,NULL,NULL,NULL,NULL,0,0),
(196,58,'Administrator','2025-05-25','B52501','Coffee Bag',11.00,'1000bags','3 Side',33.00,22.00,NULL,NULL,'Central Drum','Reverse','B',NULL,'2025-05-25 07:26:07','2025-05-31 07:31:46',NULL,1,0,0,0,0,0,0,0,0,0,0,0,0,0,0,0,0,0,0,NULL,NULL,NULL,NULL,NULL,NULL,NULL,NULL,NULL,NULL,NULL,NULL,NULL,1,0,0),
(197,55,'Administrator','2025-05-25','B52502','Test DDDDDDD',11.00,'1000bags','3 Side',33.00,22.00,11.00,NULL,'Central Drum','Reverse','B',NULL,'2025-05-25 08:18:59','2025-05-26 12:49:18',NULL,1,0,0,0,0,0,0,0,0,0,0,0,0,0,1,0,1,0,1,NULL,NULL,NULL,NULL,NULL,NULL,NULL,NULL,NULL,NULL,NULL,NULL,NULL,0,0,0),
(198,55,'Administrator','2025-05-26','B52601','Test DDDDDDD',11.00,'1000bags','3 Side',33.00,22.00,11.00,NULL,'Central Drum','Reverse','B',NULL,'2025-05-26 06:51:55','2025-05-27 10:19:11',NULL,0,1,0,0,0,0,0,0,0,0,0,0,0,0,1,0,1,1,0,NULL,NULL,NULL,NULL,NULL,NULL,NULL,NULL,NULL,NULL,NULL,NULL,NULL,1,0,0),
(202,57,'Administrator','2025-05-27','B52701','Adult Diaper Size 7',11.00,'1000bags','Normal Bag',33.00,22.00,11.00,5.00,'Central Drum','Reverse','B',NULL,'2025-05-27 11:20:51','2025-05-31 07:31:11',NULL,0,0,1,0,0,0,0,0,0,0,0,0,0,0,1,0,1,1,0,NULL,NULL,NULL,NULL,NULL,NULL,NULL,NULL,NULL,NULL,NULL,NULL,NULL,1,0,0),
(203,55,'Administrator','2025-05-27','B52702','Test Planning Checkboxs 2',11.00,'1000bags','3 Side',33.00,22.00,11.00,NULL,'Central Drum','Reverse','B',NULL,'2025-05-27 11:21:14','2025-05-31 05:19:29',NULL,1,0,0,0,0,0,0,0,0,0,0,0,0,0,1,0,0,0,0,NULL,NULL,NULL,NULL,NULL,NULL,NULL,NULL,NULL,NULL,NULL,NULL,NULL,1,0,0),
(204,57,'Maintenance User','2025-05-30','B53001','Fixing Planning Layout',11.00,'1000bags','3 Side',15.00,33.00,11.00,NULL,'Central Drum','Reverse','B',NULL,'2025-05-30 11:48:21','2025-06-19 12:52:03',NULL,0,0,0,0,0,0,0,0,0,0,0,0,0,0,1,0,0,0,0,NULL,NULL,NULL,NULL,NULL,NULL,NULL,NULL,NULL,NULL,NULL,NULL,NULL,1,0,0),
(206,57,'Administrator','2025-05-31','B53101','Fixing Downloading Btns',11.00,'1000bags','3 Side',15.00,33.00,11.00,NULL,'Central Drum','Reverse','B',NULL,'2025-05-31 05:18:09','2025-05-31 07:30:25',NULL,0,1,0,0,0,0,0,0,0,0,0,0,0,0,1,0,0,0,0,NULL,NULL,NULL,NULL,NULL,NULL,NULL,NULL,NULL,NULL,NULL,NULL,NULL,1,0,0),
(207,57,'Administrator','2025-05-31','B53102','Fixing Downloading Btns',11.00,'1000bags','3 Side',25.00,29.00,11.00,NULL,'Central Drum','Reverse','B',NULL,'2025-05-31 05:18:14','2025-05-31 07:53:21',NULL,1,0,0,0,0,0,0,0,0,0,0,0,0,0,1,0,0,0,0,NULL,NULL,NULL,NULL,NULL,NULL,NULL,NULL,NULL,NULL,NULL,NULL,NULL,0,0,0),
(208,56,'Administrator','2025-05-31','B53103','Fixing Server Error',11.00,'1000bags','3 Side',15.00,33.00,11.00,NULL,'Central Drum','Reverse','B',NULL,'2025-05-31 05:29:02','2025-05-31 05:29:02',NULL,0,0,0,0,0,0,0,0,0,0,0,0,0,0,1,0,0,0,0,NULL,NULL,NULL,NULL,NULL,NULL,NULL,NULL,NULL,NULL,NULL,NULL,NULL,1,0,0),
(209,56,'Administrator','2025-05-31','B53104','Fixing Server Error 3',11.00,'1000bags','3 Side',15.00,33.00,11.00,NULL,'Central Drum','Reverse','B',NULL,'2025-05-31 05:40:56','2025-05-31 12:59:10',NULL,0,1,0,0,0,0,0,0,0,0,0,0,0,0,1,0,0,0,0,NULL,NULL,NULL,NULL,NULL,NULL,NULL,NULL,NULL,NULL,NULL,NULL,NULL,1,0,0),
(213,56,'Administrator','2025-06-01','B60101','Fixing Server Error 3',11.00,'1000bags','3 Side',15.00,33.00,11.00,NULL,'Central Drum','Reverse','B',NULL,'2025-06-01 05:49:36','2025-06-01 05:49:36',NULL,0,1,0,0,0,0,0,0,0,0,0,0,0,0,1,0,0,0,0,NULL,NULL,NULL,NULL,NULL,NULL,NULL,NULL,NULL,NULL,NULL,NULL,NULL,1,0,0),
(214,56,'Administrator','2025-06-01','B60102','Save then Populate Colors',11.00,'1000bags','3 Side',15.00,33.00,11.00,NULL,'Central Drum','Reverse','B',NULL,'2025-06-01 05:50:15','2025-06-01 05:50:15',NULL,0,1,0,0,0,0,0,0,0,0,0,0,0,0,1,0,0,0,0,NULL,NULL,NULL,NULL,NULL,NULL,NULL,NULL,NULL,NULL,NULL,NULL,NULL,1,0,0),
(216,56,'Administrator','2025-06-02','B60201','Fixing Server Error',11.00,'1000bags','3 Side',15.00,33.00,11.00,NULL,'Central Drum','Reverse','B',NULL,'2025-06-02 09:21:16','2025-06-02 09:22:38',NULL,0,0,0,0,0,0,0,0,0,0,0,0,0,0,1,0,0,0,0,NULL,NULL,NULL,NULL,NULL,NULL,NULL,NULL,NULL,NULL,NULL,NULL,NULL,0,0,0),
(217,59,'Maintenance User','2025-06-02','B60202','DW Jel Lemon',5555.00,'meters','3 Side',23.00,56.00,NULL,NULL,'Central Drum','Surface','B',NULL,'2025-06-02 09:24:35','2025-06-19 06:11:35',NULL,1,1,0,0,0,0,0,0,0,0,0,0,0,0,0,0,0,0,0,NULL,NULL,NULL,NULL,NULL,NULL,NULL,NULL,NULL,NULL,NULL,NULL,NULL,1,1,0),
(218,56,'Administrator','2025-06-02','B60203','Fixing Server Error',11.00,'1000bags','3 Side',15.00,33.00,11.00,NULL,'Central Drum','Reverse','B',NULL,'2025-06-02 13:07:18','2025-06-02 13:07:18',NULL,0,0,0,0,0,0,0,0,0,0,0,0,0,0,1,0,0,0,0,NULL,NULL,NULL,NULL,NULL,NULL,NULL,NULL,NULL,NULL,NULL,NULL,NULL,0,0,0),
(219,60,'Administrator','2025-06-04','B60401','Test Colors Loding... Breaking Sales Dom',23.00,'1000bags','3 Side',NULL,NULL,NULL,NULL,'Central Drum','Reverse','C',NULL,'2025-06-04 05:22:48','2025-06-04 05:22:48',NULL,0,0,0,0,0,0,0,0,0,0,0,0,0,0,0,0,0,0,0,NULL,NULL,NULL,NULL,NULL,NULL,NULL,NULL,NULL,NULL,NULL,NULL,NULL,0,0,0),
(220,60,'Administrator','2025-06-04','B60402','Test Colors Loding... Breaking Sales Dom',23.00,'1000bags','3 Side',NULL,NULL,NULL,NULL,'Central Drum','Reverse','C',NULL,'2025-06-04 05:50:43','2025-06-04 05:50:43',NULL,0,0,0,0,0,0,0,0,0,0,0,0,0,0,0,0,0,0,0,NULL,NULL,NULL,NULL,NULL,NULL,NULL,NULL,NULL,NULL,NULL,NULL,NULL,0,0,0),
(221,60,'Administrator','2025-06-04','B60403','Test Colors Loding... Breaking Sales Dom',23.00,'1000bags','3 Side',NULL,NULL,NULL,NULL,'Central Drum','Reverse','C',NULL,'2025-06-04 06:53:08','2025-06-04 06:53:08',NULL,0,0,0,0,0,0,0,0,0,0,0,0,0,0,0,0,0,0,0,NULL,NULL,NULL,NULL,NULL,NULL,NULL,NULL,NULL,NULL,NULL,NULL,NULL,0,0,0),
(222,60,'Administrator','2025-06-04','B60404','Test Colors Loding... Breaking Sales Dom',23.00,'1000bags','3 Side',25.00,34.00,NULL,NULL,'Central Drum','Reverse','C',NULL,'2025-06-04 06:55:44','2025-06-07 11:45:36',NULL,0,0,0,0,0,0,0,0,0,0,0,0,0,0,0,0,0,0,0,NULL,NULL,NULL,NULL,NULL,NULL,NULL,NULL,NULL,NULL,NULL,NULL,NULL,1,0,0),
(223,56,'Administrator','2025-05-31','B53105','Fixing Planning Layout',11.00,'select-unit','2 Side',NULL,NULL,NULL,NULL,'Central Drum','Reverse','B',NULL,'2025-06-04 18:36:08','2025-06-04 18:36:08',NULL,0,0,0,0,0,0,0,0,0,0,0,0,0,0,0,0,0,0,0,NULL,NULL,NULL,NULL,NULL,NULL,NULL,NULL,NULL,NULL,NULL,NULL,NULL,0,0,0),
(224,56,'Administrator','2025-06-07','B60701','Fixing Planning Layout',11.00,'select-unit','2 Side',NULL,NULL,NULL,NULL,'Central Drum','Reverse','B',NULL,'2025-06-07 05:43:03','2025-06-07 05:43:03',NULL,0,0,0,0,0,0,0,0,0,0,0,0,0,0,0,0,0,0,0,NULL,NULL,NULL,NULL,NULL,NULL,NULL,NULL,NULL,NULL,NULL,NULL,NULL,0,0,0),
(225,56,'Administrator','2025-06-07','B60702','Fixing Planning Layout',11.00,'select-unit','2 Side',NULL,NULL,NULL,NULL,'Central Drum','Reverse','B',NULL,'2025-06-07 05:48:54','2025-06-07 05:48:54',NULL,0,0,0,0,0,0,0,0,0,0,0,0,0,0,0,0,0,0,0,NULL,NULL,NULL,NULL,NULL,NULL,NULL,NULL,NULL,NULL,NULL,NULL,NULL,0,0,0),
(226,56,'Mahmoud Khadary','2025-06-07','B60703','Fixing Planning Layout',11.00,'select-unit','2 Side',NULL,NULL,NULL,NULL,'Central Drum','Reverse','B',NULL,'2025-06-07 05:49:21','2025-06-09 11:37:16',NULL,0,0,0,0,0,0,0,0,0,0,0,0,0,0,0,0,0,0,0,NULL,NULL,NULL,NULL,NULL,NULL,NULL,NULL,NULL,NULL,NULL,NULL,NULL,0,0,0),
(227,56,'Maintenance User','2025-06-07','B60704','Fixing Planning Layout',11.00,'select-unit','4 Side',12.00,23.00,8.00,NULL,'Central Drum','Reverse','B',NULL,'2025-06-07 07:25:18','2025-06-19 12:51:32',NULL,0,0,0,0,0,0,0,0,0,0,0,0,0,0,0,0,0,0,0,NULL,NULL,NULL,NULL,NULL,NULL,NULL,NULL,NULL,NULL,NULL,NULL,NULL,0,0,0),
(228,56,'Administrator','2025-06-07','B60705','Fixing Planning Layout',11.00,'select-unit','2 Side',NULL,NULL,NULL,NULL,'Central Drum','Reverse','B',NULL,'2025-06-07 07:25:55','2025-06-07 09:09:40',NULL,1,0,0,0,0,0,0,0,0,0,0,0,0,0,0,0,0,0,0,NULL,NULL,NULL,NULL,NULL,NULL,NULL,NULL,NULL,NULL,NULL,NULL,NULL,0,0,0),
(229,60,'Maintenance User','2025-06-08','b60801','Test PLANNING CHECKBOXS 2',11.00,'bags','3 Side K',NULL,NULL,NULL,NULL,'Stack Type','Reverse','A',NULL,'2025-06-08 04:28:39','2025-06-18 06:38:51',NULL,1,1,0,0,0,0,0,0,0,0,0,0,0,0,0,0,0,0,0,NULL,NULL,NULL,NULL,NULL,NULL,NULL,NULL,NULL,NULL,NULL,NULL,NULL,0,1,0),
(230,60,'Maintenance User','2025-06-08','b60802','Test PLANNING CHECKBOXS 2',11.00,'bags','3 Side K',NULL,NULL,NULL,NULL,'Stack Type','Reverse','A',NULL,'2025-06-08 04:47:25','2025-06-24 06:44:22',NULL,1,1,0,0,0,0,0,0,0,0,0,0,0,0,0,0,0,0,0,NULL,NULL,NULL,NULL,NULL,NULL,NULL,NULL,NULL,NULL,NULL,NULL,NULL,0,1,0),
(231,60,'Maintenance User','2025-06-08','b60803','Test PLANNING CHECKBOXS 2',11.00,'bags','3 Side K',22.00,34.00,11.00,NULL,'Stack Type','Reverse','A',NULL,'2025-06-08 10:23:29','2025-06-24 06:42:01',NULL,1,0,0,0,0,0,0,0,0,0,0,0,0,0,0,0,0,0,0,NULL,NULL,NULL,NULL,NULL,NULL,NULL,NULL,NULL,NULL,NULL,NULL,NULL,0,0,0),
(232,60,'Maintenance User','2025-06-09','B60901','Test PLANNING CHECKBOXS 2',11.00,'bags','3 Side',22.00,34.00,11.00,NULL,'Central Drum','Reverse','A','Sales','2025-06-09 08:28:13','2025-06-10 10:44:12',NULL,0,1,0,0,0,0,0,0,0,0,0,0,0,0,0,0,0,0,0,NULL,NULL,NULL,NULL,NULL,NULL,NULL,NULL,NULL,NULL,NULL,NULL,NULL,1,0,0),
(233,60,'Alaa Al-Allary','2025-06-10','B61001','Test PLANNING CHECKBOXS 2',11.00,'bags','3 Side',22.00,34.00,11.00,NULL,'Central Drum','Reverse','A','Sales','2025-06-10 10:46:06','2025-06-10 10:46:06',NULL,0,1,0,0,0,0,0,0,0,0,0,0,0,0,0,0,0,0,0,NULL,NULL,NULL,NULL,NULL,NULL,NULL,NULL,NULL,NULL,NULL,NULL,NULL,1,0,0),
(234,60,'Alaa Al-Allary','2025-06-10','B61002','Test PLANNING CHECKBOXS 2',11.00,'bags','3 Side K',22.00,34.00,11.00,NULL,'Central Drum','Reverse','A','Cloned from the job b60803 & Test PLANNING CHECKBOXS 2','2025-06-10 10:58:20','2025-06-10 10:58:20',NULL,1,0,0,0,0,0,0,0,0,0,0,0,0,0,0,0,0,0,0,NULL,NULL,NULL,NULL,NULL,NULL,NULL,NULL,NULL,NULL,NULL,NULL,NULL,0,0,0),
(236,60,'Maintenance User','2025-06-11','B61101','Test PLANNING CHECKBOXS 2',11.00,'bags','3 Side K',22.00,34.00,11.00,NULL,'Central Drum','Reverse','A',NULL,'2025-06-11 07:12:28','2025-06-12 12:44:15',NULL,1,1,0,0,0,0,0,0,0,0,0,0,0,0,0,0,0,0,0,NULL,NULL,NULL,NULL,NULL,NULL,NULL,NULL,NULL,NULL,NULL,NULL,NULL,0,1,1),
(237,60,'Maintenance User','2025-06-12','B61201','Test PLANNING CHECKBOXS 2',11.00,'bags','3 Side K',22.00,34.00,11.00,NULL,'Central Drum','Surface','A',NULL,'2025-06-12 08:05:33','2025-06-12 11:40:59',NULL,1,1,0,1,0,0,0,0,0,0,0,0,0,0,0,0,0,0,0,NULL,NULL,NULL,NULL,NULL,NULL,NULL,NULL,NULL,NULL,NULL,NULL,NULL,0,1,0),
(239,60,'Maintenance User','2025-06-12','B61202','Test PLANNING CHECKBOXS 2',11.00,'bags','3 Side K',22.00,34.00,11.00,NULL,'Central Drum','Reverse','A','Cloned from the job B61002 Test PLANNING CHECKBOXS 2','2025-06-12 14:13:54','2025-06-12 14:16:45',NULL,1,1,0,0,0,0,0,0,0,0,0,0,0,0,0,0,0,0,0,NULL,NULL,NULL,NULL,NULL,NULL,NULL,NULL,NULL,NULL,NULL,NULL,NULL,0,1,1),
(240,60,'Maintenance User','2025-06-12','B61203','Test PLANNING CHECKBOXS 2',11.00,'bags','3 Side K',22.00,34.00,11.00,NULL,'Central Drum','Reverse','A',NULL,'2025-06-12 14:15:50','2025-06-12 15:54:49',NULL,1,1,0,0,1,0,0,0,0,0,0,0,0,0,0,0,0,0,0,NULL,NULL,NULL,NULL,NULL,NULL,NULL,NULL,NULL,NULL,NULL,NULL,NULL,0,1,1),
(241,60,'Maintenance User','2025-06-13','B61301','Status & workflow Adjustment',11.00,'bags','3 Side K',22.00,34.00,11.00,NULL,'Central Drum','Surface','A',NULL,'2025-06-13 10:28:57','2025-06-13 11:19:33',NULL,1,1,0,0,1,0,0,0,0,0,0,0,0,0,0,0,0,0,0,NULL,NULL,NULL,NULL,NULL,NULL,NULL,NULL,NULL,NULL,NULL,NULL,NULL,0,1,1),
(244,60,'Maintenance User','2025-06-13','B61302','Test PLANNING CHECKBOXS 2',11.00,'bags','3 Side K',22.00,34.00,11.00,NULL,'Central Drum','Reverse','A','Cloned from the job B61101 Test PLANNING CHECKBOXS 2','2025-06-13 13:05:11','2025-06-13 15:34:48',NULL,1,1,0,1,0,0,0,0,0,0,0,0,0,0,0,0,0,0,0,NULL,NULL,NULL,NULL,NULL,NULL,NULL,NULL,NULL,NULL,NULL,NULL,NULL,0,1,0),
(245,60,'Maintenance User','2025-06-13','B61303','Test PLANNING CHECKBOXS 2',11.00,'bags','3 Side',22.00,34.00,11.00,NULL,'Central Drum','Reverse','A','Cloned from the job B61001 Test PLANNING CHECKBOXS 2','2025-06-13 15:05:34','2025-06-13 15:43:16',NULL,1,1,0,1,0,0,0,0,0,0,0,0,0,0,0,0,0,0,0,NULL,NULL,NULL,NULL,NULL,NULL,NULL,NULL,NULL,NULL,NULL,NULL,NULL,1,1,0),
(246,60,'Maintenance User','2025-06-13','B61304','Test PLANNING CHECKBOXS 2',11.00,'bags','3 Side K',22.00,34.00,11.00,NULL,'Central Drum','Reverse','A',NULL,'2025-06-13 15:43:29','2025-06-13 16:34:32',NULL,1,1,0,1,1,0,0,0,0,0,1,0,0,0,0,0,0,0,0,NULL,NULL,NULL,NULL,NULL,NULL,NULL,NULL,NULL,NULL,NULL,NULL,NULL,1,1,0),
(249,60,'Maintenance User','2025-06-13','B61306','Test PLANNING CHECKBOXS 2',11.00,'bags','3 Side',22.00,34.00,11.00,NULL,'Central Drum','Reverse','A',NULL,'2025-06-13 17:38:17','2025-06-14 04:59:50',NULL,1,1,0,1,0,0,0,0,0,0,1,0,0,0,0,0,0,0,0,NULL,NULL,NULL,NULL,NULL,NULL,NULL,NULL,NULL,NULL,NULL,NULL,NULL,1,1,0),
(250,60,'Maintenance User','2025-06-13','B61307','Test PLANNING CHECKBOXS 2',11.00,'bags','3 Side',22.00,34.00,11.00,NULL,'Central Drum','Reverse','A',NULL,'2025-06-13 18:22:27','2025-06-14 09:31:03',NULL,0,0,0,1,0,1,0,1,1,0,1,1,0,1,0,0,0,0,0,NULL,NULL,NULL,NULL,NULL,NULL,NULL,NULL,NULL,NULL,NULL,NULL,NULL,1,1,0),
(255,57,'Maintenance User','2025-06-14','B61401','Adult Diaper Size 7',11.00,'1000bags','Normal Bag',33.00,22.00,11.00,5.00,'Central Drum','Reverse','B','Cloned from the job B52701 Adult Diaper Size 7','2025-06-14 12:14:19','2025-06-14 12:14:19',NULL,0,0,0,0,0,0,0,0,0,0,0,0,0,0,1,0,1,1,0,NULL,NULL,NULL,NULL,NULL,NULL,NULL,NULL,NULL,NULL,NULL,NULL,NULL,1,0,0),
(256,57,'Maintenance User','2025-06-14','B61402','Adult Diaper Size 7',11.00,'1000bags','Normal Bag',33.00,22.00,11.00,5.00,'Central Drum','Reverse','B','Cloned from the job B61401 Adult Diaper Size 7','2025-06-14 17:53:29','2025-06-15 10:48:03',NULL,0,1,0,1,0,0,0,0,0,0,0,0,0,0,1,0,1,1,0,NULL,NULL,NULL,NULL,NULL,NULL,NULL,NULL,NULL,NULL,NULL,NULL,NULL,1,0,0),
(257,57,'Administrator','2025-06-15','B61501','Adult Diaper Size 7',11.00,'1000bags','Normal Bag',33.00,22.00,11.00,5.00,'Central Drum','Reverse','B','Cloned from the job B61402 Adult Diaper Size 7','2025-06-15 06:52:01','2025-06-15 06:52:01',NULL,1,0,0,0,0,0,0,0,0,0,0,0,0,0,1,0,1,1,0,NULL,NULL,NULL,NULL,NULL,NULL,NULL,NULL,NULL,NULL,NULL,NULL,NULL,1,0,0),
(258,57,'Maintenance User','2025-06-15','B61502','Adult Diaper Size 7',11.00,'1000bags','Normal Bag',33.00,22.00,11.00,5.00,'Central Drum','Reverse','B','Cloned from the job B61501 Adult Diaper Size 7','2025-06-15 10:49:40','2025-06-15 12:08:01',NULL,0,1,0,1,0,0,0,0,0,0,0,0,0,0,1,0,1,1,0,NULL,NULL,NULL,NULL,NULL,NULL,NULL,NULL,NULL,NULL,NULL,NULL,NULL,1,0,0),
(259,55,'Maintenance User','2025-06-15','B61503','Fixing Planning Layout',33.00,'1000bags','Normal Bag',12.00,24.00,8.00,7.00,'Central Drum','Surface','D',NULL,'2025-06-15 10:57:03','2025-06-18 09:51:28',NULL,1,1,0,1,1,1,0,1,1,0,0,0,0,1,0,0,0,0,0,NULL,NULL,NULL,NULL,NULL,NULL,NULL,NULL,NULL,NULL,NULL,NULL,NULL,0,1,0),
(261,57,'Maintenance User','2025-06-15','B61504','Adult Diaper Size 7',11.00,'1000bags','Normal Bag',33.00,22.00,11.00,5.00,'Central Drum','Reverse','B','Cloned from the job B61501 Adult Diaper Size 7','2025-06-15 13:00:52','2025-06-15 13:03:08',NULL,1,1,0,1,0,0,0,0,0,0,0,0,0,0,1,0,1,1,0,NULL,NULL,NULL,NULL,NULL,NULL,NULL,NULL,NULL,NULL,NULL,NULL,NULL,0,1,0),
(262,41,'Maintenance User','2025-06-15','b61505','Fixing Planning Layout',11.00,'meters','3 Side K',NULL,NULL,NULL,NULL,'Stack Type','Surface','B',NULL,'2025-06-15 13:28:21','2025-06-15 13:57:32',NULL,1,1,0,1,1,0,0,1,1,0,0,0,0,1,0,0,0,0,0,NULL,NULL,NULL,NULL,NULL,NULL,NULL,NULL,NULL,NULL,NULL,NULL,NULL,0,1,0),
(263,56,'Maintenance User','2025-06-16','B61601','Fixing Server Error',11.00,'1000bags','3 Side',15.00,33.00,11.00,NULL,'Central Drum','Reverse','B','Cloned from the job B60203 Fixing Server Error','2025-06-16 05:34:28','2025-06-16 08:28:00',NULL,1,1,0,1,1,1,0,1,1,0,0,0,0,1,1,0,0,0,0,NULL,NULL,NULL,NULL,NULL,NULL,NULL,NULL,NULL,NULL,NULL,NULL,NULL,0,1,0),
(266,57,'Maintenance User','2025-06-16','B61603','Adult Diaper Size 7',11.00,'1000bags','Normal Bag',33.00,22.00,11.00,5.00,'Central Drum','Reverse','B','Cloned from the job B61502 Adult Diaper Size 7','2025-06-16 10:37:06','2025-06-16 10:41:29',NULL,1,1,0,1,1,1,0,1,1,0,NULL,0,0,0,1,0,1,1,0,NULL,NULL,NULL,NULL,NULL,NULL,NULL,NULL,NULL,NULL,NULL,NULL,NULL,1,1,0),
(267,60,'Maintenance User','2025-06-16','B61604','Test PLANNING CHECKBOXS 2',11.00,'bags','3 Side K',NULL,NULL,NULL,NULL,'Central Drum','Reverse','A',NULL,'2025-06-16 11:24:42','2025-06-18 10:26:48',NULL,1,0,0,1,1,1,0,1,1,0,0,0,0,1,0,0,0,0,0,NULL,NULL,NULL,NULL,NULL,NULL,NULL,NULL,NULL,NULL,NULL,NULL,NULL,0,1,0),
(268,60,'Maintenance User','2025-06-16','B61605','Test PLANNING CHECKBOXS 2',11.00,'bags','3 Side K',22.00,34.00,11.00,NULL,'Central Drum','Reverse','A','Cloned from the job B61604 Test PLANNING CHECKBOXS 2','2025-06-16 11:26:19','2025-06-16 11:26:19',NULL,1,1,0,0,0,0,0,0,0,0,0,0,0,0,0,0,0,0,0,NULL,NULL,NULL,NULL,NULL,NULL,NULL,NULL,NULL,NULL,NULL,NULL,NULL,0,1,0),
(269,NULL,'Maintenance User','2025-06-16','B61606','Test PLANNING CHECKBOXS 2',11.00,'bags','3 Side K',22.00,34.00,11.00,NULL,'Central Drum','Reverse','A','','2025-06-16 11:54:23','2025-06-17 08:57:00',NULL,1,1,0,1,0,0,0,0,0,0,0,0,0,0,0,0,0,0,0,NULL,NULL,NULL,NULL,NULL,NULL,NULL,NULL,NULL,NULL,NULL,NULL,NULL,0,1,0),
(277,NULL,'Maintenance User','2025-06-17','B61701','Fixing Planning Layout',11.00,'select-unit','2 Side',NULL,NULL,NULL,NULL,'Central Drum','Reverse','B','Cloned from the job B60703 Fixing Planning Layout','2025-06-17 06:28:17','2025-06-17 08:55:11',NULL,1,1,0,0,0,0,0,0,0,0,0,0,0,0,0,0,0,0,0,NULL,NULL,NULL,NULL,NULL,NULL,NULL,NULL,NULL,NULL,NULL,NULL,NULL,0,1,0),
(278,60,'Maintenance User','2025-06-17','B61702','Test PLANNING CHECKBOXS 2',11.00,'bags','3 Side K',NULL,NULL,NULL,NULL,'Central Drum','Reverse','A',NULL,'2025-06-17 06:30:43','2025-06-18 10:33:07',NULL,1,0,0,0,0,0,0,0,0,0,0,0,0,0,0,0,0,0,0,NULL,NULL,NULL,NULL,NULL,NULL,NULL,NULL,NULL,NULL,NULL,NULL,NULL,0,1,0),
(279,60,'Maintenance User','2025-06-17','b61703','Test PLANNING CHECKBOXS 2',11.00,'bags','3 Side K',NULL,NULL,NULL,NULL,'Stack Type','Reverse','A','Cloned from the job b60801 Test PLANNING CHECKBOXS 2','2025-06-17 09:00:01','2025-06-17 09:00:01',NULL,0,0,0,0,0,0,0,0,0,0,0,0,0,0,0,0,0,0,0,NULL,NULL,NULL,NULL,NULL,NULL,NULL,NULL,NULL,NULL,NULL,NULL,NULL,0,0,0),
(283,60,'Maintenance User','2025-06-17','b61704','Test PLANNING CHECKBOXS 2',11.00,'bags','3 Side K',NULL,NULL,NULL,NULL,'Stack Type','Reverse','A','Cloned from the job b61703 Test PLANNING CHECKBOXS 2','2025-06-17 12:40:29','2025-06-19 08:03:45',NULL,1,0,0,1,0,0,0,0,1,0,0,0,1,0,0,0,0,0,0,NULL,NULL,NULL,NULL,NULL,NULL,NULL,NULL,NULL,NULL,NULL,NULL,NULL,0,0,0),
(284,60,'Maintenance User','2025-06-18','B61801','Test PLANNING CHECKBOXS 2',11.00,'bags','3 Side K',22.00,34.00,11.00,NULL,'Central Drum','Reverse','A','Cloned from the job B61605 Test PLANNING CHECKBOXS 2','2025-06-18 06:08:59','2025-06-18 09:51:44',NULL,1,1,0,1,1,1,0,1,1,0,NULL,0,0,1,0,0,0,0,0,NULL,NULL,NULL,NULL,NULL,NULL,NULL,NULL,NULL,NULL,NULL,NULL,NULL,0,1,0),
(289,60,'Maintenance User','2025-06-19','b61901','Test PLANNING CHECKBOXS 2',11.00,'bags','3 Side K',NULL,NULL,NULL,NULL,'Stack Type','Reverse','A','Cloned from the job b61703 Test PLANNING CHECKBOXS 2','2025-06-19 08:05:04','2025-06-19 11:24:19',NULL,1,1,0,1,1,0,0,0,0,0,NULL,0,0,0,0,0,0,0,0,NULL,NULL,NULL,NULL,NULL,NULL,NULL,NULL,NULL,NULL,NULL,NULL,NULL,0,1,0),
(291,57,'Maintenance User','2025-06-19','B61902','Adult Diaper Size 7',11.00,'1000bags','Normal Bag',33.00,22.00,11.00,5.00,'Central Drum','Reverse','B','Cloned from the job B61401 Adult Diaper Size 7','2025-06-19 12:35:51','2025-06-19 12:45:49',NULL,1,1,0,1,0,1,0,1,1,0,0,0,0,1,1,0,1,1,0,NULL,NULL,NULL,NULL,NULL,NULL,NULL,NULL,NULL,NULL,NULL,NULL,NULL,1,0,0),
(292,57,'Maintenance User','2025-06-19','B61903','Adult Diaper Size 7',11.00,'1000bags','Normal Bag',33.00,22.00,11.00,5.00,'Central Drum','Reverse','B','Cloned from the job B61401 Adult Diaper Size 7','2025-06-19 13:21:18','2025-06-19 13:41:58',NULL,1,1,0,1,0,1,0,1,1,0,NULL,0,1,0,1,0,1,1,0,NULL,NULL,NULL,NULL,NULL,NULL,NULL,NULL,NULL,NULL,NULL,NULL,NULL,1,0,0),
(293,60,'Maintenance User','2025-06-20','B62001','Test PLANNING CHECKBOXS 2',11.00,'bags','3 Side K',NULL,NULL,NULL,NULL,'Central Drum','Reverse','A','Cloned from the job B61702 Test PLANNING CHECKBOXS 2','2025-06-20 11:12:32','2025-06-22 11:30:30',NULL,1,1,0,0,0,0,0,0,0,0,0,0,0,0,0,0,0,0,0,NULL,NULL,NULL,NULL,NULL,NULL,NULL,NULL,NULL,NULL,NULL,NULL,NULL,0,0,0),
(294,60,'Maintenance User','2025-06-20','B62002','Test PLANNING CHECKBOXS 2',11.00,'bags','3 Side K',NULL,NULL,NULL,NULL,'Central Drum','Reverse','A','Cloned from the job B62001 Test PLANNING CHECKBOXS 2','2025-06-20 11:17:42','2025-06-20 11:49:35',NULL,1,1,0,0,0,0,0,0,0,0,1,0,0,1,0,0,0,0,0,NULL,NULL,NULL,NULL,NULL,NULL,NULL,NULL,NULL,NULL,NULL,NULL,NULL,0,0,0),
(298,60,'Maintenance User','2025-06-20','B62003','Test PLANNING CHECKBOXS 2',11.00,'bags','3 Side K',NULL,NULL,NULL,NULL,'Central Drum','Reverse','A','Cloned from the job B61702 Test PLANNING CHECKBOXS 2','2025-06-20 13:19:38','2025-06-20 13:25:57',NULL,1,1,0,0,0,1,1,0,1,0,1,1,0,0,0,0,0,0,0,NULL,NULL,NULL,NULL,NULL,NULL,NULL,NULL,NULL,NULL,NULL,NULL,NULL,0,0,0),
(299,60,'Maintenance User','2025-06-20','B62004','Test PLANNING CHECKBOXS 2',11.00,'bags','3 Side K',NULL,NULL,NULL,NULL,'Central Drum','Reverse','A','Cloned from the job B61702 Test PLANNING CHECKBOXS 2','2025-06-20 13:28:46','2025-06-20 13:31:04',NULL,1,1,0,0,0,1,1,0,1,0,1,1,0,0,0,0,0,0,0,NULL,NULL,NULL,NULL,NULL,NULL,NULL,NULL,NULL,NULL,NULL,NULL,NULL,0,0,0),
(303,60,'Maintenance User','2025-06-20','B62005','Test PLANNING CHECKBOXS 2',11.00,'bags','3 Side K',NULL,NULL,NULL,NULL,'Central Drum','Reverse','A','Cloned from the job B62001 Test PLANNING CHECKBOXS 2','2025-06-20 14:10:19','2025-06-20 14:11:14',NULL,1,1,0,0,0,1,1,0,1,0,1,1,0,0,0,0,0,0,0,NULL,NULL,NULL,NULL,NULL,NULL,NULL,NULL,NULL,NULL,NULL,NULL,NULL,0,0,0),
(304,57,'Maintenance User','2025-06-20','B62006','Adult Diaper Size 7',11.00,'1000bags','Normal Bag',33.00,22.00,11.00,5.00,'Central Drum','Reverse','B','Cloned from the job B61501 Adult Diaper Size 7','2025-06-20 14:33:01','2025-06-20 15:54:24',NULL,1,1,0,0,0,1,1,0,1,0,1,1,0,0,1,0,1,1,0,NULL,NULL,NULL,NULL,NULL,NULL,NULL,NULL,NULL,NULL,NULL,NULL,NULL,1,0,0),
(307,60,'Maintenance User','2025-06-20','B62007','Test PLANNING CHECKBOXS 2',11.00,'bags','3 Side K',NULL,NULL,NULL,NULL,'Central Drum','Reverse','A','Cloned from the job B62001 Test PLANNING CHECKBOXS 2','2025-06-20 16:02:06','2025-06-20 16:07:01',NULL,1,1,0,0,0,1,1,0,0,0,1,1,0,1,0,0,0,0,0,NULL,NULL,NULL,NULL,NULL,NULL,NULL,NULL,NULL,NULL,NULL,NULL,NULL,0,0,0),
(308,39,'Maintenance User','2025-06-20','b62008','Letwal Orange',555.00,'1000bags','4 Side',22.00,33.00,12.00,NULL,'Stack Type','Reverse','C','Cloned from the job b50707 Letwal Orange','2025-06-20 16:08:04','2025-06-20 16:08:42',NULL,1,1,0,0,0,0,0,0,1,0,1,0,0,0,0,0,0,0,0,NULL,NULL,NULL,NULL,NULL,NULL,NULL,NULL,NULL,NULL,NULL,NULL,NULL,0,0,0),
(309,60,'Maintenance User','2025-06-20','B62009','Test PLANNING CHECKBOXS 2',11.00,'bags','3 Side K',NULL,NULL,NULL,NULL,'Central Drum','Reverse','A','Cloned from the job B62001 Test PLANNING CHECKBOXS 2','2025-06-20 16:13:28','2025-06-20 16:14:03',NULL,1,1,0,0,1,0,0,0,0,0,0,0,0,0,0,0,0,0,0,NULL,NULL,NULL,NULL,NULL,NULL,NULL,NULL,NULL,NULL,NULL,NULL,NULL,0,0,0),
(310,60,'Maintenance User','2025-06-20','B62010','Petra Pet F.Bottom1kg Dogs',11.00,'bags','3 Side',22.00,11.00,NULL,NULL,'Central Drum','Reverse','A','Cloned from the job B62007 Test PLANNING CHECKBOXS 2','2025-06-20 16:23:10','2025-06-22 11:31:54',NULL,1,1,0,1,0,1,1,0,0,0,1,1,1,0,0,0,0,0,0,NULL,NULL,NULL,NULL,NULL,NULL,NULL,NULL,NULL,NULL,NULL,NULL,NULL,0,1,0),
(312,60,'Maintenance User','2025-06-20','B62011','Petra Pet F.Bottom1kg 2Cats',11.00,'bags','3 Side K',33.00,22.00,11.00,NULL,'Central Drum','Reverse','A','Cloned from the job B62009 Test PLANNING CHECKBOXS 2','2025-06-20 16:29:44','2025-06-21 07:20:36',NULL,1,1,0,1,1,1,1,0,1,0,1,1,1,0,0,0,0,0,0,NULL,NULL,NULL,NULL,NULL,NULL,NULL,NULL,NULL,NULL,NULL,NULL,NULL,0,0,0),
(313,60,'Maintenance User','2025-06-21','B62101','Petra Pet F.Bottom1kg 2Cats',11.00,'bags','3 Side',42.50,13.50,11.00,NULL,'Central Drum','Reverse','A','Cloned from the job B62011 Petra Pet F.Bottom1kg 2Cats','2025-06-21 07:21:05','2025-06-21 10:25:05',NULL,1,1,0,0,0,1,1,0,1,0,1,1,0,1,0,0,0,0,0,NULL,NULL,NULL,NULL,NULL,NULL,NULL,NULL,NULL,NULL,NULL,NULL,NULL,0,1,1),
(343,61,'Maintenance User','2025-06-22','B62201','New-Born Diaper- Size 3',11.00,'1000bags','Normal Bag',17.00,33.00,11.00,5.00,'Central Drum','Surface','B',NULL,'2025-06-22 10:03:49','2025-06-22 10:33:50',NULL,1,0,0,1,0,0,0,0,0,0,0,0,0,0,0,0,0,0,0,NULL,NULL,NULL,NULL,NULL,NULL,NULL,NULL,NULL,NULL,NULL,NULL,NULL,0,0,0),
(346,61,'Maintenance User','2025-06-22','B62203','New-Born Diaper- Size 3',11.00,'1000bags','3 Side',17.00,33.00,11.00,5.00,'Central Drum','Surface','B','Cloned from the job B62202 New-Born Diaper- Size 3','2025-06-22 12:54:46','2025-06-22 12:54:46',NULL,1,1,0,0,0,0,0,0,0,0,0,0,0,0,0,0,0,0,0,NULL,NULL,NULL,NULL,NULL,NULL,NULL,NULL,NULL,NULL,NULL,NULL,NULL,0,1,0),
(347,61,'Maintenance User','2025-06-22','B62204','New-Born Diaper- Size 3',11.00,'1000bags','3 Side',17.00,33.00,11.00,5.00,'Central Drum','Surface','B','Cloned from the job B62203 New-Born Diaper- Size 3','2025-06-22 12:55:14','2025-06-22 13:07:26',NULL,1,1,0,0,0,1,1,0,0,0,1,1,0,1,0,0,0,0,0,NULL,NULL,NULL,NULL,NULL,NULL,NULL,NULL,NULL,NULL,NULL,NULL,NULL,0,0,0),
(348,61,'Maintenance User','2025-06-22','B62205','New-Born Diaper- Size 3',11.00,'1000bags','3 Side',17.00,33.00,11.00,5.00,'Central Drum','Surface','B','Cloned from the job B62204 New-Born Diaper- Size 3','2025-06-22 13:34:13','2025-06-22 13:34:13',NULL,1,1,0,0,0,0,0,0,0,0,0,0,0,0,0,0,0,0,0,NULL,NULL,NULL,NULL,NULL,NULL,NULL,NULL,NULL,NULL,NULL,NULL,NULL,0,1,0),
(350,61,'Maintenance User','2025-06-22','B62206','New-Born Diaper- Size 3',11.00,'1000bags','3 Side',17.00,33.00,11.00,5.00,'Central Drum','Surface','B','Cloned from the job B62205 New-Born Diaper- Size 3','2025-06-22 13:42:46','2025-06-22 13:42:46',NULL,1,1,0,0,0,0,0,0,0,0,0,0,0,0,0,0,0,0,0,NULL,NULL,NULL,NULL,NULL,NULL,NULL,NULL,NULL,NULL,NULL,NULL,NULL,0,1,0),
(352,61,'Maintenance User','2025-06-24','B62401','New-Born Diaper- Size 1',11.00,'1000bags','3 Side',17.00,33.00,11.00,5.00,'Central Drum','Surface','B','Cloned from the job B62206 New-Born Diaper- Size 3','2025-06-24 06:21:39','2025-06-24 07:06:58',NULL,0,0,0,0,0,0,0,0,0,0,0,0,0,0,0,0,0,0,0,NULL,NULL,NULL,NULL,NULL,NULL,NULL,NULL,NULL,NULL,NULL,NULL,NULL,0,0,0),
(355,61,'Maintenance User','2025-06-26','B62601','New-Born Diaper- Size 1',11.00,'1000bags','3 Side',17.00,33.00,11.00,5.00,'Central Drum','Surface','B','Cloned from the job B62401 New-Born Diaper- Size 1','2025-06-26 06:55:38','2025-06-26 06:55:38',NULL,1,1,0,0,0,0,0,0,0,0,0,0,0,0,0,0,0,0,0,NULL,NULL,NULL,NULL,NULL,NULL,NULL,NULL,NULL,NULL,NULL,NULL,NULL,0,1,0);
/*!40000 ALTER TABLE `jobs` ENABLE KEYS */;
UNLOCK TABLES;

--
-- Table structure for table `planning_data`
--

DROP TABLE IF EXISTS `planning_data`;
/*!40101 SET @saved_cs_client     = @@character_set_client */;
/*!40101 SET character_set_client = utf8mb4 */;
CREATE TABLE `planning_data` (
  `id` int(11) NOT NULL AUTO_INCREMENT,
  `job_number` varchar(20) NOT NULL,
  `machine` varchar(50) DEFAULT NULL,
  `horizontal_count` int(11) DEFAULT 1,
  `vertical_count` int(11) DEFAULT 1,
  `flip_direction` tinyint(1) DEFAULT 0,
  `add_lines` tinyint(1) DEFAULT 0,
  `new_machine` tinyint(1) DEFAULT 0,
  `add_stagger` tinyint(1) DEFAULT 0,
  `comments` text DEFAULT NULL,
  `updated_at` timestamp NULL DEFAULT current_timestamp() ON UPDATE current_timestamp(),
  `layout_width` decimal(10,2) DEFAULT NULL,
  `sleeve` decimal(10,2) DEFAULT NULL,
  PRIMARY KEY (`id`),
  KEY `job_number` (`job_number`),
  CONSTRAINT `planning_data_ibfk_1` FOREIGN KEY (`job_number`) REFERENCES `jobs` (`job_number`)
) ENGINE=InnoDB AUTO_INCREMENT=101 DEFAULT CHARSET=utf8mb4 COLLATE=utf8mb4_general_ci;
/*!40101 SET character_set_client = @saved_cs_client */;

--
-- Dumping data for table `planning_data`
--

LOCK TABLES `planning_data` WRITE;
/*!40000 ALTER TABLE `planning_data` DISABLE KEYS */;
INSERT INTO `planning_data` VALUES
(1,'B52201','',1,1,0,0,0,0,'','2025-05-26 06:56:23',NULL,NULL),
(2,'B52301','',2,2,1,1,0,0,'','2025-05-27 12:54:38',NULL,NULL),
(3,'B52401','',1,1,0,0,0,0,'','2025-05-25 08:19:56',NULL,NULL),
(4,'B52501','',1,1,1,1,1,1,'','2025-05-29 14:27:59',NULL,NULL),
(5,'B52502','',1,1,1,1,0,1,'','2025-05-26 13:06:00',NULL,NULL),
(6,'B52601','',1,1,1,1,0,0,'','2025-05-29 14:28:19',NULL,NULL),
(15,'TEST01','Machine A',1,1,1,1,1,1,'All fields set to 1 (true)','2025-05-27 10:38:22',NULL,NULL),
(16,'TEST02','Machine B',1,1,0,0,0,0,'All fields set to 0 (false)','2025-05-27 10:38:22',NULL,NULL),
(17,'TEST03','Machine C',2,2,1,0,1,0,'Mixed true and false values','2025-05-27 10:38:22',NULL,NULL),
(18,'TEST04','Machine D',3,3,NULL,1,0,1,'NULL for flip_direction, other fields mixed','2025-05-27 10:38:22',NULL,NULL),
(19,'TEST05','Machine E',4,4,5,10,0,-3,'Out-of-range values (5, 10, -3)','2025-05-27 10:38:22',NULL,NULL),
(20,'TEST06','Machine F',5,5,1,0,1,0,'String values for boolean fields','2025-05-27 10:38:22',NULL,NULL),
(21,'TEST07','Machine G',6,6,1,0,1,0,'Boolean constants (TRUE/FALSE)','2025-05-27 10:38:22',NULL,NULL),
(22,'TEST08','Machine H',7,7,2,1,0,0,'Decimal values for boolean fields (1.5, 0.5)','2025-05-27 10:38:22',NULL,NULL),
(24,'TEST01','Machine A',1,1,1,1,1,1,'All fields set to 1 (true)','2025-05-27 10:51:41',NULL,NULL),
(25,'TEST02','Machine B',1,1,0,0,0,0,'All fields set to 0 (false)','2025-05-27 10:51:41',NULL,NULL),
(26,'TEST03','Machine C',2,2,1,0,1,0,'Mixed true and false values','2025-05-27 10:51:41',NULL,NULL),
(27,'TEST04','Machine D',3,3,NULL,1,0,1,'NULL for flip_direction, other fields mixed','2025-05-27 10:51:41',NULL,NULL),
(28,'TEST05','Machine E',4,4,5,10,0,-3,'Out-of-range values (5, 10, -3)','2025-05-27 10:51:41',NULL,NULL),
(29,'TEST06','Machine F',5,5,1,0,1,0,'String values for boolean fields','2025-05-27 10:51:41',NULL,NULL),
(30,'TEST07','Machine G',6,6,1,0,1,0,'Boolean constants (TRUE/FALSE)','2025-05-27 10:51:41',NULL,NULL),
(31,'TEST08','Machine H',7,7,2,1,0,0,'Decimal values for boolean fields (1.5, 0.5)','2025-05-27 10:51:41',NULL,NULL),
(32,'TEST01','Machine A',1,1,1,1,1,1,'All fields set to 1 (true)','2025-05-27 10:52:26',NULL,NULL),
(33,'TEST02','Machine B',1,1,0,0,0,0,'All fields set to 0 (false)','2025-05-27 10:52:26',NULL,NULL),
(34,'TEST03','Machine C',2,2,1,0,1,0,'Mixed true and false values','2025-05-27 10:52:26',NULL,NULL),
(35,'TEST04','Machine D',3,3,NULL,1,0,1,'NULL for flip_direction, other fields mixed','2025-05-27 10:52:26',NULL,NULL),
(36,'TEST05','Machine E',4,4,5,10,0,-3,'Out-of-range values (5, 10, -3)','2025-05-27 10:52:26',NULL,NULL),
(37,'TEST06','Machine F',5,5,1,0,1,0,'String values for boolean fields','2025-05-27 10:52:26',NULL,NULL),
(38,'TEST07','Machine G',6,6,1,0,1,0,'Boolean constants (TRUE/FALSE)','2025-05-27 10:52:26',NULL,NULL),
(39,'TEST08','Machine H',7,7,2,1,0,0,'Decimal values for boolean fields (1.5, 0.5)','2025-05-27 10:52:26',NULL,NULL),
(44,'B52701','',2,2,0,1,0,1,'','2025-05-30 13:53:31',NULL,NULL),
(45,'B52702','',2,3,1,1,1,0,'','2025-05-30 11:47:05',NULL,NULL),
(46,'B53001','',4,2,1,1,0,1,'','2025-05-30 11:49:16',NULL,NULL),
(47,'B53104','Centarl 208',4,2,1,1,0,0,'','2025-05-31 12:59:21',NULL,NULL),
(48,'B53103','',3,2,1,1,0,0,'','2025-05-31 07:52:26',NULL,NULL),
(49,'B53102','',1,3,0,1,0,0,'','2025-05-31 07:53:48',NULL,NULL),
(50,'B50509','',1,2,0,1,0,0,'','2025-05-31 12:48:58',NULL,NULL),
(51,'B60102','',3,2,1,1,0,0,'','2025-06-02 13:01:01',NULL,NULL),
(52,'B60202','Central 208',2,1,1,1,0,0,'','2025-06-02 09:26:28',NULL,NULL),
(53,'B60203','',1,1,0,0,0,0,'','2025-06-03 12:30:12',NULL,NULL),
(54,'B60101','',1,2,0,1,0,0,'','2025-06-03 11:28:34',NULL,NULL),
(55,'B60402','',1,1,0,1,0,1,'','2025-06-04 05:52:25',NULL,NULL),
(56,'B60403','',1,1,0,0,0,0,'','2025-06-04 06:53:45',NULL,NULL),
(57,'B60404','Centarl 207',2,2,1,1,0,0,'','2025-06-04 11:20:45',NULL,NULL),
(58,'B60704','Central 208',2,2,0,1,0,0,'','2025-06-07 11:58:52',NULL,NULL),
(59,'b60803','',1,3,0,1,0,0,'','2025-06-08 11:53:11',NULL,NULL),
(60,'b60802','Central 208',1,1,0,0,0,0,'','2025-06-09 05:41:03',NULL,NULL),
(61,'B60901','',3,2,1,1,0,0,'','2025-06-10 10:11:52',NULL,NULL),
(62,'B61201','',1,2,0,1,0,0,'','2025-06-12 10:49:50',NULL,NULL),
(63,'B61101','',1,1,0,0,0,0,'','2025-06-12 12:44:15',NULL,NULL),
(65,'B61202','',1,1,0,0,0,0,'','2025-06-12 14:14:54',NULL,NULL),
(66,'B61203','',1,1,0,0,0,0,'','2025-06-12 14:41:44',NULL,NULL),
(67,'B61301','',1,1,0,0,0,0,'','2025-06-13 10:30:14',NULL,NULL),
(70,'B61302','',1,1,0,0,0,0,'','2025-06-13 14:52:44',NULL,NULL),
(71,'B61303','',1,1,0,0,0,0,'','2025-06-13 15:05:52',NULL,NULL),
(72,'B61304','',1,1,1,0,0,0,'','2025-06-13 15:43:37',NULL,NULL),
(75,'B61306','',1,1,1,0,0,0,'','2025-06-13 17:38:32',NULL,NULL),
(76,'B61307','',1,1,0,0,0,0,'','2025-06-13 18:22:52',NULL,NULL),
(81,'B61503','Central 208',2,4,0,1,0,0,'','2025-06-15 11:00:18',NULL,NULL),
(83,'B61504','Central 207',2,2,0,1,0,0,'','2025-06-15 13:02:33',NULL,NULL),
(84,'b61505','Stack 204',1,1,0,0,0,0,'','2025-06-15 13:28:50',NULL,NULL),
(85,'B61601','',1,1,0,0,0,0,'','2025-06-16 08:05:16',NULL,NULL),
(88,'B61603','',2,2,0,1,0,0,'','2025-06-16 10:37:44',NULL,NULL),
(89,'B61604','Centarl 207',1,2,0,1,0,0,'','2025-06-16 11:25:04',NULL,NULL),
(90,'B61606','',1,1,0,0,0,0,'','2025-06-16 11:54:41',NULL,NULL),
(93,'B61801','',1,1,0,1,0,0,'','2025-06-18 06:43:31',NULL,NULL),
(95,'b61901','',1,1,0,0,0,0,'','2025-06-19 08:05:07',NULL,NULL),
(96,'B61902','',1,1,0,0,0,0,'','2025-06-19 12:36:55',NULL,NULL),
(97,'B62011','',2,2,0,1,0,0,'Planning As previous','2025-06-21 07:20:12',NULL,NULL),
(98,'B62101','',2,2,0,1,0,0,'','2025-06-21 10:13:36',NULL,NULL),
(100,'B62201','',1,3,0,1,0,0,'','2025-06-22 10:13:36',NULL,NULL);
/*!40000 ALTER TABLE `planning_data` ENABLE KEYS */;
UNLOCK TABLES;

--
-- Table structure for table `prepress_colors`
--

DROP TABLE IF EXISTS `prepress_colors`;
/*!40101 SET @saved_cs_client     = @@character_set_client */;
/*!40101 SET character_set_client = utf8mb4 */;
CREATE TABLE `prepress_colors` (
  `id` int(11) NOT NULL AUTO_INCREMENT,
  `job_number` varchar(20) NOT NULL,
  `color_name` varchar(50) NOT NULL,
  `color_code` varchar(20) DEFAULT NULL,
  `position` int(11) NOT NULL DEFAULT 0,
  PRIMARY KEY (`id`),
  KEY `prepress_colors_ibfk_1` (`job_number`),
  CONSTRAINT `prepress_colors_ibfk_1` FOREIGN KEY (`job_number`) REFERENCES `jobs` (`job_number`) ON DELETE CASCADE ON UPDATE CASCADE
) ENGINE=InnoDB AUTO_INCREMENT=1064 DEFAULT CHARSET=utf8mb4 COLLATE=utf8mb4_general_ci;
/*!40101 SET character_set_client = @saved_cs_client */;

--
-- Dumping data for table `prepress_colors`
--

LOCK TABLES `prepress_colors` WRITE;
/*!40000 ALTER TABLE `prepress_colors` DISABLE KEYS */;
INSERT INTO `prepress_colors` VALUES
(103,'B52401','Cyan',NULL,0),
(104,'B52401','Gold',NULL,1),
(109,'B53104','Cyan',NULL,0),
(110,'B53104','Yellow',NULL,1),
(111,'B53104','Black',NULL,2),
(112,'B53104','Magenta',NULL,3),
(119,'B60202','Cyan',NULL,0),
(120,'B60202','Magenta',NULL,1),
(121,'B60202','Yellow',NULL,2),
(122,'B60202','Black',NULL,3),
(123,'B60202','Custom',NULL,4),
(132,'B60102','Cyan',NULL,0),
(133,'B60102','Magenta',NULL,1),
(142,'B60201','Cyan',NULL,0),
(143,'B60201','Magenta',NULL,1),
(144,'B53101','Cyan',NULL,0),
(145,'B53101','Magenta',NULL,1),
(146,'B53101','Yellow',NULL,2),
(147,'B60101','Cyan',NULL,0),
(148,'B60101','Magenta',NULL,1),
(149,'B60101','Yellow',NULL,2),
(150,'B52502','Cyan',NULL,0),
(151,'B52502','Magenta',NULL,1),
(152,'B52502','Yellow',NULL,2),
(153,'B52502','Black',NULL,3),
(154,'B52502','376',NULL,4),
(169,'B60403','Cyan','#00FFFF',0),
(170,'B60403','Magenta','#FF00FF',1),
(184,'B60402','Yellow',NULL,0),
(560,'B60404','Cyan',NULL,0),
(561,'B60404','Magenta',NULL,1),
(562,'B60404','Yellow',NULL,2),
(563,'B60404','Black',NULL,3),
(564,'B60404','Silver',NULL,4),
(565,'B60404','Magenta',NULL,5),
(566,'B60404','Cyan',NULL,6),
(568,'B60705','Cyan',NULL,0),
(572,'B60704','Cyan',NULL,0),
(573,'B60704','Magenta',NULL,1),
(574,'B60704','Yellow',NULL,2),
(583,'b60802','Cyan',NULL,0),
(584,'b60802','Magenta',NULL,1),
(585,'b60802','Yellow',NULL,2),
(644,'b60803','Cyan',NULL,0),
(650,'B60901','Cyan',NULL,0),
(652,'B61001','Cyan',NULL,0),
(658,'B61101','Cyan',NULL,0),
(688,'B61002','Cyan',NULL,0),
(689,'B61002','Magenta',NULL,1),
(690,'B61002','Yellow',NULL,2),
(691,'B61002','Black',NULL,3),
(692,'B61002','Silver',NULL,4),
(693,'B61201','Cyan',NULL,0),
(694,'B61201','Magenta',NULL,1),
(695,'B61201','Yellow',NULL,2),
(696,'B61201','Black',NULL,3),
(698,'B61301','Cyan',NULL,0),
(723,'B61302','Cyan','#000000',0),
(726,'B61303','Cyan','#000000',0),
(734,'B61304','Cyan','#000000',0),
(744,'B61306','Cyan','#000000',0),
(780,'B61307','Cyan','#000000',0),
(827,'B61502','Cyan','#000000',0),
(828,'B61504','Cyan','#000000',0),
(829,'B61504','Magenta','#000000',1),
(830,'B61504','Yellow','#000000',2),
(860,'B61603','Cyan','#000000',0),
(902,'B61606','Cyan','#000000',0),
(903,'B61606','Magenta','#000000',1),
(904,'B61606','Yellow','#000000',2),
(905,'B61606','Black','#000000',3),
(906,'B61606','Black FT','#000000',4),
(971,'B61702','Cyan','#000000',0),
(972,'B61503','Cyan','#000000',0),
(979,'b61901','Cyan','#000000',0),
(997,'B62009','Cyan','#000000',0),
(998,'b62008','Cyan','#000000',0),
(999,'B62007','Cyan','#000000',0),
(1015,'B62101','Cyan','#000000',0),
(1016,'B62101','Magenta','#000000',1),
(1017,'B62101','Yellow','#000000',2),
(1018,'B62011','Cyan','#000000',0),
(1019,'B62010','Cyan','#000000',0),
(1020,'B62010','Magenta','#000000',1),
(1021,'B62010','Yellow','#000000',2),
(1022,'B62010','Black','#000000',3),
(1023,'B62010','Black FT','#000000',4),
(1024,'B62010','Silver','#000000',5),
(1025,'B61801','Cyan','#000000',0),
(1026,'B61801','Magenta','#000000',1),
(1027,'B61801','Yellow','#000000',2),
(1055,'B62201','Cyan','#000000',0),
(1056,'B62201','Magenta','#000000',1),
(1057,'B62201','Yellow','#000000',2),
(1058,'B62201','Black','#000000',3),
(1059,'B62201','Gold','#000000',4),
(1063,'B62401','Cyan','#000000',0);
/*!40000 ALTER TABLE `prepress_colors` ENABLE KEYS */;
UNLOCK TABLES;

--
-- Table structure for table `prepress_data`
--

DROP TABLE IF EXISTS `prepress_data`;
/*!40101 SET @saved_cs_client     = @@character_set_client */;
/*!40101 SET character_set_client = utf8mb4 */;
CREATE TABLE `prepress_data` (
  `id` int(11) NOT NULL AUTO_INCREMENT,
  `job_number` varchar(20) NOT NULL,
  `supplier` varchar(32) DEFAULT NULL,
  `sc_approval_image_path` varchar(255) DEFAULT NULL,
  `comments` text DEFAULT NULL,
  `updated_at` timestamp NULL DEFAULT current_timestamp() ON UPDATE current_timestamp(),
  `working_on_job_study` tinyint(1) DEFAULT 0,
  `sc_sent_to_sales` tinyint(1) DEFAULT 0,
  `sc_sent_to_qc` tinyint(1) DEFAULT 0,
  `working_on_cromalin` tinyint(1) DEFAULT 0,
  `cromalin_qc_check` tinyint(1) DEFAULT 0,
  `cromalin_ready` tinyint(1) DEFAULT 0,
  `working_on_repro` tinyint(1) DEFAULT 0,
  `plates_received` tinyint(1) DEFAULT 0,
  `sc_image_url` varchar(255) DEFAULT NULL,
  `handler_id` int(11) NOT NULL,
  PRIMARY KEY (`id`),
  KEY `idx_prepress_job_number` (`job_number`),
  KEY `fk_prepress_handler` (`handler_id`),
  CONSTRAINT `fk_handler_user` FOREIGN KEY (`handler_id`) REFERENCES `users` (`id`),
  CONSTRAINT `fk_prepress_handler` FOREIGN KEY (`handler_id`) REFERENCES `users` (`id`),
  CONSTRAINT `prepress_data_ibfk_1` FOREIGN KEY (`job_number`) REFERENCES `jobs` (`job_number`)
) ENGINE=InnoDB AUTO_INCREMENT=207 DEFAULT CHARSET=utf8mb4 COLLATE=utf8mb4_general_ci;
/*!40101 SET character_set_client = @saved_cs_client */;

--
-- Dumping data for table `prepress_data`
--

LOCK TABLES `prepress_data` WRITE;
/*!40000 ALTER TABLE `prepress_data` DISABLE KEYS */;
INSERT INTO `prepress_data` VALUES
(1,'B52201','elite',NULL,'','2025-06-25 05:52:22',0,0,0,0,0,0,0,1,NULL,1),
(2,'B52301','tarkhan',NULL,'','2025-06-25 05:52:22',0,0,0,0,0,0,0,1,NULL,1),
(3,'B52401','tarkhan',NULL,NULL,'2025-06-25 05:52:22',0,0,0,0,0,0,1,0,NULL,1),
(4,'B52501','elite',NULL,'','2025-06-25 05:52:22',0,0,0,0,0,1,0,0,NULL,1),
(5,'B52502','elite',NULL,NULL,'2025-06-25 05:52:22',0,0,0,0,0,0,0,1,NULL,1),
(6,'B52601','elite',NULL,'','2025-06-25 05:52:22',0,0,1,0,0,0,0,0,NULL,1),
(7,'B52702','elite',NULL,'','2025-06-25 05:52:22',0,0,1,0,0,0,0,0,NULL,1),
(8,'B53001','elite',NULL,'','2025-06-25 05:52:22',0,0,0,0,0,0,0,1,NULL,1),
(9,'B50509','elite',NULL,'Need to fix colorsNeed to populate approved IMGNeed to populate Plies','2025-06-25 05:52:22',0,0,0,0,1,0,0,0,NULL,1),
(10,'B53104','tarkhan',NULL,NULL,'2025-06-25 05:52:22',1,0,0,0,0,0,0,0,NULL,1),
(11,'B60102','tarkhan',NULL,NULL,'2025-06-25 05:52:22',1,0,0,0,0,0,0,0,NULL,1),
(12,'B60101','tarkhan',NULL,NULL,'2025-06-25 05:52:22',1,0,0,0,0,0,0,0,NULL,1),
(16,'B60202','tarkhan',NULL,NULL,'2025-06-25 05:52:22',1,0,0,0,0,0,0,0,NULL,1),
(17,'B60201','tarkhan',NULL,NULL,'2025-06-25 05:52:22',0,1,0,0,0,0,0,0,NULL,1),
(18,'B60203','tarkhan',NULL,NULL,'2025-06-25 05:52:22',1,0,0,0,0,0,0,0,NULL,1),
(19,'B53101',NULL,NULL,NULL,'2025-06-25 05:52:22',0,0,0,0,0,0,0,0,NULL,1),
(20,'B60401',NULL,NULL,NULL,'2025-06-25 05:52:22',0,0,0,0,0,0,0,0,NULL,1),
(21,'B60402',NULL,NULL,NULL,'2025-06-25 05:52:22',0,0,0,0,0,0,0,0,NULL,1),
(22,'B60403',NULL,NULL,NULL,'2025-06-25 05:52:22',0,0,0,0,0,0,0,0,NULL,1),
(23,'B60404','elite',NULL,NULL,'2025-06-25 05:52:22',0,0,1,0,0,0,0,0,NULL,1),
(24,'B60705','elite',NULL,NULL,'2025-06-25 05:52:22',0,0,1,0,0,0,0,0,'/uploads/sc-approval-B60705-1749291290141.jpg',1),
(25,'B60704','tarkhan',NULL,NULL,'2025-06-25 05:52:22',0,0,0,0,0,0,0,1,'/uploads/sc-approval-B60704-1749297332183.jpg',1),
(26,'b60802',NULL,NULL,NULL,'2025-06-25 05:52:22',0,0,0,0,0,0,0,1,'/uploads/sc-approval-b60802-1749359953010.jpg',1),
(27,'b60803','elite',NULL,NULL,'2025-06-10 07:22:49',0,0,0,0,0,0,0,1,'/uploads/sc-approval-b60803-1749383535272.jpg',3),
(28,'B60901','elite',NULL,'prepress','2025-06-10 10:44:39',0,0,0,0,0,0,0,1,'/uploads/sc-approval-B60901-1749469302520.jpg',23),
(29,'B61002','elite',NULL,NULL,'2025-06-12 10:12:53',0,0,0,0,0,0,1,0,'/uploads/sc-approval-B61002-1749553260040.jpg',23),
(30,'B61001',NULL,NULL,NULL,'2025-06-11 07:10:16',0,1,0,0,0,0,0,0,'/uploads/sc-approval-B61001-1749625816966.jpg',2),
(31,'B61101',NULL,NULL,NULL,'2025-06-12 04:49:08',0,0,0,0,0,0,0,0,'/uploads/sc-approval-B61101-1749703748618.jpg',2),
(32,'B61201','elite',NULL,NULL,'2025-06-12 10:50:30',0,0,0,0,0,0,0,0,'/uploads/sc-approval-B61201-1749716325351.jpg',23),
(34,'B61203',NULL,NULL,NULL,'2025-06-25 05:52:22',0,0,1,0,0,0,0,0,NULL,1),
(35,'B61301',NULL,NULL,NULL,'2025-06-13 11:38:46',0,0,1,0,0,0,0,0,'/uploads/sc-approval-B61301-1749814726455.jpg',23),
(38,'B61302',NULL,NULL,NULL,'2025-06-13 15:04:51',0,1,0,0,0,0,0,0,NULL,23),
(39,'B61303',NULL,NULL,NULL,'2025-06-13 15:43:16',0,1,0,0,0,0,0,0,NULL,23),
(40,'B61304',NULL,NULL,NULL,'2025-06-13 16:03:29',0,1,1,0,0,0,0,0,NULL,23),
(43,'B61306',NULL,NULL,NULL,'2025-06-14 04:59:50',0,1,0,1,0,0,0,0,NULL,23),
(44,'B61307','elite',NULL,NULL,'2025-06-14 08:12:27',0,1,1,1,1,0,1,1,NULL,23),
(49,'B61402',NULL,NULL,NULL,'2025-06-25 05:52:22',0,1,0,0,0,0,0,0,NULL,1),
(50,'B61503',NULL,NULL,NULL,'2025-06-18 09:51:28',0,1,0,1,1,0,1,0,NULL,23),
(52,'B61502','elite',NULL,NULL,'2025-06-15 12:08:01',0,1,1,0,0,0,0,0,NULL,23),
(53,'B61504','elite',NULL,NULL,'2025-06-15 13:03:08',0,1,0,0,0,0,0,0,NULL,23),
(54,'b61505',NULL,NULL,NULL,'2025-06-15 13:57:26',0,1,0,0,0,1,0,1,NULL,23),
(55,'b61505',NULL,NULL,NULL,'2025-06-15 13:57:26',0,1,0,0,0,1,0,1,NULL,23),
(56,'b61505',NULL,NULL,NULL,'2025-06-15 13:57:26',0,1,0,0,0,1,0,1,NULL,23),
(57,'b61505',NULL,NULL,NULL,'2025-06-15 13:57:26',0,1,0,0,0,1,0,1,NULL,23),
(58,'b61505',NULL,NULL,NULL,'2025-06-15 13:57:26',0,1,0,0,0,1,0,1,NULL,23),
(59,'B61601',NULL,NULL,NULL,'2025-06-16 08:28:00',0,1,0,0,0,0,0,0,NULL,23),
(60,'B61601',NULL,NULL,NULL,'2025-06-16 08:28:00',0,1,0,0,0,0,0,0,NULL,23),
(61,'B61601',NULL,NULL,NULL,'2025-06-16 08:28:00',0,1,0,0,0,0,0,0,NULL,23),
(62,'B61601',NULL,NULL,NULL,'2025-06-16 08:28:00',0,1,0,0,0,0,0,0,NULL,23),
(63,'B61601',NULL,NULL,NULL,'2025-06-16 08:28:00',0,1,0,0,0,0,0,0,NULL,23),
(64,'B61601',NULL,NULL,NULL,'2025-06-16 08:28:00',0,1,0,0,0,0,0,0,NULL,23),
(65,'B61601',NULL,NULL,NULL,'2025-06-16 08:28:00',0,1,0,0,0,0,0,0,NULL,23),
(66,'B61601',NULL,NULL,NULL,'2025-06-16 08:28:00',0,1,0,0,0,0,0,0,NULL,23),
(67,'B61601',NULL,NULL,NULL,'2025-06-16 08:28:00',0,1,0,0,0,0,0,0,NULL,23),
(68,'B61601',NULL,NULL,NULL,'2025-06-16 08:28:00',0,1,0,0,0,0,0,0,NULL,23),
(69,'B61601',NULL,NULL,NULL,'2025-06-16 08:28:00',0,1,0,0,0,0,0,0,NULL,23),
(70,'B61601',NULL,NULL,NULL,'2025-06-16 08:28:00',0,1,0,0,0,0,0,0,NULL,23),
(71,'B61601',NULL,NULL,NULL,'2025-06-16 08:28:00',0,1,0,0,0,0,0,0,NULL,23),
(72,'B61601',NULL,NULL,NULL,'2025-06-16 08:28:00',0,1,0,0,0,0,0,0,NULL,23),
(83,'B61603',NULL,NULL,NULL,'2025-06-16 10:41:29',0,1,1,1,0,1,0,0,NULL,23),
(84,'B61604',NULL,NULL,NULL,'2025-06-16 11:28:04',0,1,0,0,0,0,0,1,NULL,23),
(85,'B61606','elite',NULL,NULL,'2025-06-17 06:09:33',0,1,1,0,0,0,0,0,NULL,23),
(86,'B61606','elite',NULL,NULL,'2025-06-17 06:09:33',0,1,1,0,0,0,0,0,NULL,23),
(87,'B61606','elite',NULL,NULL,'2025-06-17 06:09:33',0,1,1,0,0,0,0,0,NULL,23),
(100,'B61604',NULL,NULL,NULL,'2025-06-18 10:26:48',0,1,0,0,0,0,1,0,NULL,23),
(101,'B61801',NULL,NULL,NULL,'2025-06-21 10:27:00',0,1,0,0,0,0,0,0,NULL,23),
(102,'B61702','elite',NULL,NULL,'2025-06-18 10:26:00',0,1,1,1,1,1,1,0,NULL,23),
(103,'B61702','elite',NULL,NULL,'2025-06-18 10:26:00',0,1,1,1,1,1,1,0,NULL,23),
(104,'B61702','elite',NULL,NULL,'2025-06-18 10:26:00',0,1,1,1,1,1,1,0,NULL,23),
(107,'b61901','elite',NULL,NULL,'2025-06-19 08:10:59',0,1,0,0,0,0,0,0,NULL,23),
(109,'B62002',NULL,NULL,NULL,'2025-06-25 05:52:22',0,1,0,1,0,1,1,1,NULL,1),
(112,'B62003',NULL,NULL,NULL,'2025-06-25 05:52:22',0,1,0,1,0,0,1,0,NULL,1),
(113,'B62004',NULL,NULL,NULL,'2025-06-25 05:52:22',0,1,0,1,0,0,1,0,NULL,1),
(116,'B62005',NULL,NULL,NULL,'2025-06-25 05:52:22',0,1,0,1,0,0,1,0,NULL,1),
(117,'B62006',NULL,NULL,NULL,'2025-06-25 05:52:22',0,1,0,1,0,0,1,0,NULL,1),
(120,'B62007',NULL,NULL,NULL,'2025-06-20 18:01:56',0,1,0,1,0,0,1,1,'/uploads/sc_B62007_1750442516308.jpg',23),
(121,'b62008',NULL,NULL,NULL,'2025-06-20 17:59:17',0,1,0,0,0,0,1,0,'/uploads/sc_b62008_1750442357235.jpg',23),
(122,'B62009',NULL,NULL,NULL,'2025-06-20 17:58:59',0,1,0,0,0,0,0,0,'/uploads/sc_B62009_1750442339890.jpg',23),
(123,'B62010','elite',NULL,NULL,'2025-06-22 11:31:54',0,1,0,1,1,0,1,1,'/uploads/sc_B62010_1750442181817.jpg',23),
(125,'B62011',NULL,NULL,'sucsesssssss','2025-06-21 10:16:27',0,1,0,0,0,0,0,0,'/uploads/sc_B62011_1750442144900.jpg',23),
(126,'B62011',NULL,NULL,'sucsesssssss','2025-06-21 10:16:27',0,1,0,0,0,0,0,0,'/uploads/sc_B62011_1750442144900.jpg',23),
(127,'B62011',NULL,NULL,'sucsesssssss','2025-06-21 10:16:27',0,1,0,0,0,0,0,0,'/uploads/sc_B62011_1750442144900.jpg',23),
(128,'B62011',NULL,NULL,'sucsesssssss','2025-06-21 10:16:27',0,1,0,0,0,0,0,0,'/uploads/sc_B62011_1750442144900.jpg',23),
(129,'B62011',NULL,NULL,'sucsesssssss','2025-06-21 10:16:27',0,1,0,0,0,0,0,0,'/uploads/sc_B62011_1750442144900.jpg',23),
(130,'B62010','elite',NULL,NULL,'2025-06-22 11:31:54',0,1,0,1,1,0,1,1,'/uploads/sc_B62010_1750442181817.jpg',23),
(131,'B62010','elite',NULL,NULL,'2025-06-22 11:31:54',0,1,0,1,1,0,1,1,'/uploads/sc_B62010_1750442181817.jpg',23),
(132,'B62010','elite',NULL,NULL,'2025-06-22 11:31:54',0,1,0,1,1,0,1,1,'/uploads/sc_B62010_1750442181817.jpg',23),
(133,'B62010','elite',NULL,NULL,'2025-06-22 11:31:54',0,1,0,1,1,0,1,1,'/uploads/sc_B62010_1750442181817.jpg',23),
(134,'B62010','elite',NULL,NULL,'2025-06-22 11:31:54',0,1,0,1,1,0,1,1,'/uploads/sc_B62010_1750442181817.jpg',23),
(135,'B62010','elite',NULL,NULL,'2025-06-22 11:31:54',0,1,0,1,1,0,1,1,'/uploads/sc_B62010_1750442181817.jpg',23),
(136,'B62010','elite',NULL,NULL,'2025-06-22 11:31:54',0,1,0,1,1,0,1,1,'/uploads/sc_B62010_1750442181817.jpg',23),
(137,'B62011',NULL,NULL,'sucsesssssss','2025-06-21 10:16:27',0,1,0,0,0,0,0,0,'/uploads/sc_B62011_1750442144900.jpg',23),
(138,'B62011',NULL,NULL,'sucsesssssss','2025-06-21 10:16:27',0,1,0,0,0,0,0,0,'/uploads/sc_B62011_1750442144900.jpg',23),
(139,'B62010','elite',NULL,NULL,'2025-06-22 11:31:54',0,1,0,1,1,0,1,1,'/uploads/sc_B62010_1750442181817.jpg',23),
(140,'B62010','elite',NULL,NULL,'2025-06-22 11:31:54',0,1,0,1,1,0,1,1,'/uploads/sc_B62010_1750442181817.jpg',23),
(141,'B62009',NULL,NULL,NULL,'2025-06-20 17:58:59',0,1,0,0,0,0,0,0,'/uploads/sc_B62009_1750442339890.jpg',23),
(142,'B62009',NULL,NULL,NULL,'2025-06-20 17:58:59',0,1,0,0,0,0,0,0,'/uploads/sc_B62009_1750442339890.jpg',23),
(143,'b62008',NULL,NULL,NULL,'2025-06-20 17:59:17',0,1,0,0,0,0,1,0,'/uploads/sc_b62008_1750442357235.jpg',23),
(144,'b62008',NULL,NULL,NULL,'2025-06-20 17:59:17',0,1,0,0,0,0,1,0,'/uploads/sc_b62008_1750442357235.jpg',23),
(145,'B62007',NULL,NULL,NULL,'2025-06-20 18:01:56',0,1,0,1,0,0,1,1,'/uploads/sc_B62007_1750442516308.jpg',23),
(146,'B62007',NULL,NULL,NULL,'2025-06-20 18:01:56',0,1,0,1,0,0,1,1,'/uploads/sc_B62007_1750442516308.jpg',23),
(147,'B62101','elite',NULL,'prepress comments','2025-06-21 10:15:11',0,1,0,1,1,0,1,1,'/uploads/sc_B62101_1750490522497.jpg',23),
(148,'B62101','elite',NULL,'prepress comments','2025-06-21 10:15:11',0,1,0,1,1,0,1,1,'/uploads/sc_B62101_1750490522497.jpg',23),
(149,'B62101','elite',NULL,'prepress comments','2025-06-21 10:15:11',0,1,0,1,1,0,1,1,'/uploads/sc_B62101_1750490522497.jpg',23),
(150,'B62101','elite',NULL,'prepress comments','2025-06-21 10:15:11',0,1,0,1,1,0,1,1,'/uploads/sc_B62101_1750490522497.jpg',23),
(151,'B62101','elite',NULL,'prepress comments','2025-06-21 10:15:11',0,1,0,1,1,0,1,1,'/uploads/sc_B62101_1750490522497.jpg',23),
(162,'b62008',NULL,NULL,NULL,'2025-06-25 05:52:22',0,0,0,0,0,0,0,0,NULL,1),
(163,'b62008',NULL,NULL,NULL,'2025-06-25 05:52:22',0,0,0,0,0,0,0,0,NULL,1),
(197,'B62201','elite',NULL,NULL,'2025-06-22 10:33:12',0,0,0,0,0,0,0,0,'/uploads/sc_B62201_1750587440023.jpg',23),
(198,'B62201','elite',NULL,NULL,'2025-06-22 10:33:12',0,0,0,0,0,0,0,0,'/uploads/sc_B62201_1750587440023.jpg',23),
(199,'B62201','elite',NULL,NULL,'2025-06-22 10:33:12',0,0,0,0,0,0,0,0,'/uploads/sc_B62201_1750587440023.jpg',23),
(200,'B62201','elite',NULL,NULL,'2025-06-22 10:33:12',0,0,0,0,0,0,0,0,'/uploads/sc_B62201_1750587440023.jpg',23),
(205,'B62204',NULL,NULL,NULL,'2025-06-25 05:52:22',0,1,0,1,0,0,1,1,NULL,1),
(206,'B62401',NULL,NULL,NULL,'2025-06-25 11:58:02',0,0,0,0,0,0,0,0,NULL,2);
/*!40000 ALTER TABLE `prepress_data` ENABLE KEYS */;
UNLOCK TABLES;

--
-- Table structure for table `qc_data`
--

DROP TABLE IF EXISTS `qc_data`;
/*!40101 SET @saved_cs_client     = @@character_set_client */;
/*!40101 SET character_set_client = utf8mb4 */;
CREATE TABLE `qc_data` (
  `id` int(11) NOT NULL AUTO_INCREMENT,
  `job_number` varchar(20) NOT NULL,
  `sc_checked` tinyint(1) DEFAULT 0,
  `cromalin_checked` tinyint(1) DEFAULT 0,
  `plates_received` tinyint(1) DEFAULT 0,
  `plates_checked` tinyint(1) DEFAULT 0,
  `comments` text DEFAULT NULL,
  `updated_at` timestamp NULL DEFAULT current_timestamp() ON UPDATE current_timestamp(),
  PRIMARY KEY (`id`),
  KEY `job_number` (`job_number`),
  CONSTRAINT `qc_data_ibfk_1` FOREIGN KEY (`job_number`) REFERENCES `jobs` (`job_number`)
) ENGINE=InnoDB AUTO_INCREMENT=94 DEFAULT CHARSET=utf8mb4 COLLATE=utf8mb4_general_ci;
/*!40101 SET character_set_client = @saved_cs_client */;

--
-- Dumping data for table `qc_data`
--

LOCK TABLES `qc_data` WRITE;
/*!40000 ALTER TABLE `qc_data` DISABLE KEYS */;
INSERT INTO `qc_data` VALUES
(1,'B52201',1,1,1,1,'eeeee ergegege 3g4h6hy','2025-05-24 07:43:50'),
(2,'B52301',0,1,1,0,'','2025-05-24 07:49:55'),
(3,'B52401',1,1,1,0,'','2025-05-24 11:17:53'),
(4,'B52502',1,1,1,1,'','2025-05-26 05:47:36'),
(5,'B52702',0,0,0,1,'','2025-05-28 12:48:15'),
(6,'B53001',1,0,0,1,'','2025-05-30 11:51:58'),
(7,'B50509',0,0,0,1,'','2025-05-31 12:50:44'),
(8,'B53104',1,0,0,0,'','2025-05-31 12:54:50'),
(9,'B60101',1,0,0,0,'','2025-06-02 11:43:49'),
(10,'B60203',0,1,0,0,'','2025-06-03 11:19:44'),
(11,'B60404',1,0,0,0,'','2025-06-04 11:23:33'),
(12,'B60403',1,1,0,0,'','2025-06-04 11:22:58'),
(13,'B60704',1,0,0,0,'','2025-06-07 11:59:42'),
(14,'B60901',1,1,1,1,'44444','2025-06-10 10:12:06'),
(15,'B61101',0,0,1,1,'','2025-06-11 10:41:49'),
(16,'B61203',1,0,0,0,'','2025-06-12 15:55:09'),
(17,'B61301',1,0,0,0,'','2025-06-13 11:20:07'),
(18,'B61302',1,0,0,0,'','2025-06-13 13:05:54'),
(19,'B61304',1,0,0,0,'','2025-06-13 16:34:32'),
(22,'B61306',1,0,0,0,'','2025-06-13 18:20:38'),
(23,'B61307',1,1,1,1,'','2025-06-14 09:31:03'),
(29,'B61503',1,1,1,1,'','2025-06-15 11:10:28'),
(31,'b61505',1,1,1,1,'','2025-06-15 13:57:32'),
(32,'B61601',1,1,1,1,'','2025-06-16 07:49:24'),
(35,'B61603',NULL,1,NULL,NULL,NULL,'2025-06-16 10:41:29'),
(36,'B61604',NULL,NULL,NULL,1,NULL,'2025-06-16 11:28:20'),
(37,'B61606',0,0,0,0,'','2025-06-17 05:37:28'),
(41,'B61801',NULL,NULL,1,NULL,NULL,'2025-06-18 09:48:15'),
(42,'B61702',1,1,0,0,'','2025-06-18 10:26:00'),
(44,'b61901',NULL,NULL,0,NULL,NULL,'2025-06-19 08:10:08'),
(45,'B61902',NULL,NULL,NULL,1,NULL,'2025-06-19 12:45:49'),
(46,'B61903',NULL,NULL,1,NULL,NULL,'2025-06-19 13:41:58'),
(47,'B62002',1,0,1,1,NULL,'2025-06-20 11:49:35'),
(50,'B62003',1,1,0,0,NULL,'2025-06-20 13:20:43'),
(51,'B62004',1,1,0,0,NULL,'2025-06-20 13:30:36'),
(54,'B62005',1,1,0,0,NULL,'2025-06-20 14:10:58'),
(55,'B62006',1,1,0,0,NULL,'2025-06-20 14:46:28'),
(57,'B62007',1,1,1,1,NULL,'2025-06-20 16:07:01'),
(58,'b62008',1,0,0,0,NULL,'2025-06-20 16:08:34'),
(59,'B62009',0,0,0,0,NULL,'2025-06-20 16:14:03'),
(60,'B62010',1,1,0,0,NULL,'2025-06-20 16:24:39'),
(62,'B62011',1,1,0,0,'QC proceed!!','2025-06-21 06:58:26'),
(63,'B62101',1,1,1,1,NULL,'2025-06-21 07:24:06'),
(93,'B62204',1,1,1,1,NULL,'2025-06-22 13:07:26');
/*!40000 ALTER TABLE `qc_data` ENABLE KEYS */;
UNLOCK TABLES;

--
-- Table structure for table `status_types`
--

DROP TABLE IF EXISTS `status_types`;
/*!40101 SET @saved_cs_client     = @@character_set_client */;
/*!40101 SET character_set_client = utf8mb4 */;
CREATE TABLE `status_types` (
  `id` int(11) NOT NULL AUTO_INCREMENT,
  `department` enum('sales','prepress','qc','finance','production','planning') NOT NULL,
  `status_name` varchar(50) NOT NULL,
  `display_name` varchar(50) NOT NULL,
  PRIMARY KEY (`id`),
  UNIQUE KEY `department` (`department`,`status_name`)
) ENGINE=InnoDB AUTO_INCREMENT=22 DEFAULT CHARSET=utf8mb4 COLLATE=utf8mb4_general_ci;
/*!40101 SET character_set_client = @saved_cs_client */;

--
-- Dumping data for table `status_types`
--

LOCK TABLES `status_types` WRITE;
/*!40000 ALTER TABLE `status_types` DISABLE KEYS */;
INSERT INTO `status_types` VALUES
(1,'sales','financial_approval','Financially Approved'),
(2,'sales','technical_approval','Technically Approved'),
(3,'sales','on_hold','On Hold'),
(4,'prepress','sc_sent_to_sales','Need SC Approval'),
(5,'prepress','sc_sent_to_qc','SC Under QC Check'),
(6,'prepress','working_on_cromalin','Working on Cromalin'),
(7,'prepress','cromalin_qc_check','Cromalin Under QC Check'),
(8,'prepress','cromalin_ready','Need Cromalin Approval'),
(9,'prepress','working_on_repro','Working on Repro'),
(10,'prepress','ready_for_press','Ready for Press'),
(11,'qc','sc_checked','SC Checked'),
(12,'qc','cromalin_checked','Cromalin Checked'),
(13,'qc','qc_plates_received','QC Received Plates'),
(14,'qc','plates_checked','Plates Checked'),
(16,'planning','working_on_softcopy','Working on softcopy'),
(17,'qc','sc_checked_cromalin','SC Checked, Need Cromalin'),
(18,'qc','sc_checked_plates','SC Checked, Need Plates'),
(19,'prepress','prepress_plates_received','Prepress Received Plates');
/*!40000 ALTER TABLE `status_types` ENABLE KEYS */;
UNLOCK TABLES;

--
-- Table structure for table `user_groups`
--

DROP TABLE IF EXISTS `user_groups`;
/*!40101 SET @saved_cs_client     = @@character_set_client */;
/*!40101 SET character_set_client = utf8mb4 */;
CREATE TABLE `user_groups` (
  `id` int(11) NOT NULL AUTO_INCREMENT,
  `name` varchar(50) NOT NULL,
  `description` text DEFAULT NULL,
  `created_at` timestamp NULL DEFAULT current_timestamp(),
  PRIMARY KEY (`id`)
) ENGINE=InnoDB AUTO_INCREMENT=9 DEFAULT CHARSET=utf8mb4 COLLATE=utf8mb4_general_ci;
/*!40101 SET character_set_client = @saved_cs_client */;

--
-- Dumping data for table `user_groups`
--

LOCK TABLES `user_groups` WRITE;
/*!40000 ALTER TABLE `user_groups` DISABLE KEYS */;
INSERT INTO `user_groups` VALUES
(1,'General Admin','Full system access','2025-05-09 15:07:44'),
(2,'Sales Admin','Full access to Sales section','2025-05-09 15:07:44'),
(3,'Prepress Admin','Full access to AW section','2025-05-09 15:07:44'),
(4,'Planning Admin','Full access to Planning section','2025-05-09 15:07:44'),
(5,'Salesman','Access to own sales data','2025-05-09 15:07:44'),
(6,'Prepress Specialist','Access to own AW data','2025-05-09 15:07:44'),
(7,'Planning Specialist','Access to own planning data','2025-05-09 15:07:44'),
(8,'Maintenance','Full system access (maintenance)','2025-06-09 06:02:24');
/*!40000 ALTER TABLE `user_groups` ENABLE KEYS */;
UNLOCK TABLES;

--
-- Table structure for table `users`
--

DROP TABLE IF EXISTS `users`;
/*!40101 SET @saved_cs_client     = @@character_set_client */;
/*!40101 SET character_set_client = utf8mb4 */;
CREATE TABLE `users` (
  `id` int(11) NOT NULL AUTO_INCREMENT,
  `username` varchar(50) NOT NULL,
  `password` varchar(255) NOT NULL,
  `group_id` int(11) NOT NULL,
  `full_name` varchar(100) DEFAULT NULL,
  `email` varchar(100) DEFAULT NULL,
  `Department` varchar(255) DEFAULT NULL,
  `created_at` timestamp NULL DEFAULT current_timestamp(),
  PRIMARY KEY (`id`),
  UNIQUE KEY `username` (`username`),
  KEY `group_id` (`group_id`),
  CONSTRAINT `users_ibfk_1` FOREIGN KEY (`group_id`) REFERENCES `user_groups` (`id`)
) ENGINE=InnoDB AUTO_INCREMENT=24 DEFAULT CHARSET=utf8mb4 COLLATE=utf8mb4_general_ci;
/*!40101 SET character_set_client = @saved_cs_client */;

--
-- Dumping data for table `users`
--

LOCK TABLES `users` WRITE;
/*!40000 ALTER TABLE `users` DISABLE KEYS */;
INSERT INTO `users` VALUES
(1,'admin','$2a$10$N9qo8uLOickgx2ZMRZoMy.MH/r7r6LJ5Lf2CJQH/.8Z3z2YdWOuE6',1,'Administrator','sales.order.sys@taweelholdings.com',NULL,'2025-05-10 13:10:04'),
(2,'mahmoud_khadary','$2a$10$N9qo8uLOickgx2ZMRZoMy.MH/r7r6LJ5Lf2CJQH/.8Z3z2YdWOuE6',2,'Mahmoud Khadary','designer3@taweelholdings.com',NULL,'2025-05-10 13:10:39'),
(3,'raed_tanbouz','$2a$10$N9qo8uLOickgx2ZMRZoMy.MH/r7r6LJ5Lf2CJQH/.8Z3z2YdWOuE6',2,'Raed Tanbouz','Designer1@taweelholdings.com',NULL,'2025-05-10 13:10:39'),
(4,'aref_wafaay','$2a$10$N9qo8uLOickgx2ZMRZoMy.MH/r7r6LJ5Lf2CJQH/.8Z3z2YdWOuE6',2,'Aref Wafaay','designer2@taweelholdings.com',NULL,'2025-05-10 13:10:39'),
(5,'hashem_a_shaker','$2a$10$N9qo8uLOickgx2ZMRZoMy.MH/r7r6LJ5Lf2CJQH/.8Z3z2YdWOuE6',1,'Hashem Abou Shaker','h.abushaker@taweelholdings.com',NULL,'2025-05-10 13:10:39'),
(6,'faraj_taweel','$2a$10$N9qo8uLOickgx2ZMRZoMy.MH/r7r6LJ5Lf2CJQH/.8Z3z2YdWOuE6',1,'Faraj Al-Taweel','faraj.taweel@taweelholdings.com',NULL,'2025-05-10 13:10:39'),
(7,'kais_taweel','$2a$10$N9qo8uLOickgx2ZMRZoMy.MH/r7r6LJ5Lf2CJQH/.8Z3z2YdWOuE6',1,'Kais Al-Taweel','kais.taweel@taweelholdings.com',NULL,'2025-05-10 13:10:39'),
(8,'hatem_taweel','$2a$10$N9qo8uLOickgx2ZMRZoMy.MH/r7r6LJ5Lf2CJQH/.8Z3z2YdWOuE6',1,'Hatem Al-Taweel','htaweel@taweelholdings.com',NULL,'2025-05-10 13:10:39'),
(9,'jad_taweel','$2a$10$N9qo8uLOickgx2ZMRZoMy.MH/r7r6LJ5Lf2CJQH/.8Z3z2YdWOuE6',1,'Jad Al-Taweel',NULL,NULL,'2025-05-10 13:10:39'),
(10,'saif_taweel','$2a$10$N9qo8uLOickgx2ZMRZoMy.MH/r7r6LJ5Lf2CJQH/.8Z3z2YdWOuE6',1,'Saif Al-Taweel','staweel@taweelholdings.com',NULL,'2025-05-10 13:10:39'),
(11,'ebtihal','$2a$10$N9qo8uLOickgx2ZMRZoMy.MH/r7r6LJ5Lf2CJQH/.8Z3z2YdWOuE6',3,'Ebtihal','qchse.jsp@taweelholdings.com',NULL,'2025-05-10 13:10:39'),
(12,'raghad','$2a$10$N9qo8uLOickgx2ZMRZoMy.MH/r7r6LJ5Lf2CJQH/.8Z3z2YdWOuE6',3,'Raghad','qclab.jsp@taweelholdings.com',NULL,'2025-05-10 13:10:39'),
(13,'zakaria','$2a$10$N9qo8uLOickgx2ZMRZoMy.MH/r7r6LJ5Lf2CJQH/.8Z3z2YdWOuE6',3,'Zakaria','qa.jsp@taweelholdings.com',NULL,'2025-05-10 13:10:39'),
(14,'ahmed_syam','$2a$10$N9qo8uLOickgx2ZMRZoMy.MH/r7r6LJ5Lf2CJQH/.8Z3z2YdWOuE6',3,'Ahmed-Syam','qcinspector.jsp@taweelholdings.com',NULL,'2025-05-10 13:10:39'),
(15,'bahaa','$2a$10$N9qo8uLOickgx2ZMRZoMy.MH/r7r6LJ5Lf2CJQH/.8Z3z2YdWOuE6',4,'Bahaa','bshamalti@taweelholdings.com',NULL,'2025-05-10 13:10:39'),
(16,'qasem','$2a$10$N9qo8uLOickgx2ZMRZoMy.MH/r7r6LJ5Lf2CJQH/.8Z3z2YdWOuE6',4,'Qasem','planner.jsp@taweelholdings.com',NULL,'2025-05-10 13:10:39'),
(17,'amjad_samara','$2a$10$N9qo8uLOickgx2ZMRZoMy.MH/r7r6LJ5Lf2CJQH/.8Z3z2YdWOuE6',5,'Amjad','amjad.samara@taweelholdings.com',NULL,'2025-05-10 13:10:39'),
(18,'Alaa_khalil','$2a$10$N9qo8uLOickgx2ZMRZoMy.MH/r7r6LJ5Lf2CJQH/.8Z3z2YdWOuE6',5,'Alaa Al-Allary','akhalil@taweelholdings.com',NULL,'2025-05-10 13:10:39'),
(19,'Rami_qatani','$2a$10$N9qo8uLOickgx2ZMRZoMy.MH/r7r6LJ5Lf2CJQH/.8Z3z2YdWOuE6',5,'Rami','r.qatani@taweelholdings.com',NULL,'2025-05-10 13:10:39'),
(20,'Duha','$2a$10$N9qo8uLOickgx2ZMRZoMy.MH/r7r6LJ5Lf2CJQH/.8Z3z2YdWOuE6',5,'Duha','duha.obidy@taweelholdings.com',NULL,'2025-05-10 13:10:39'),
(21,'mahmoud_aref','$2a$10$N9qo8uLOickgx2ZMRZoMy.MH/r7r6LJ5Lf2CJQH/.8Z3z2YdWOuE6',6,'Mahmoud Aref',NULL,NULL,'2025-05-10 13:10:39'),
(22,'mohammed_samara','$2a$10$N9qo8uLOickgx2ZMRZoMy.MH/r7r6LJ5Lf2CJQH/.8Z3z2YdWOuE6',7,'Mohammed Samara',NULL,NULL,'2025-05-10 13:10:39'),
(23,'maintenance','$2a$10$N9qo8uLOickgx2ZMRZoMy.MH/r7r6LJ5Lf2CJQH/.8Z3z2YdWOuE6',8,'Maintenance User',NULL,NULL,'2025-06-09 06:02:58');
/*!40000 ALTER TABLE `users` ENABLE KEYS */;
UNLOCK TABLES;
/*!40103 SET TIME_ZONE=@OLD_TIME_ZONE */;

/*!40101 SET SQL_MODE=@OLD_SQL_MODE */;
/*!40014 SET FOREIGN_KEY_CHECKS=@OLD_FOREIGN_KEY_CHECKS */;
/*!40014 SET UNIQUE_CHECKS=@OLD_UNIQUE_CHECKS */;
/*!40101 SET CHARACTER_SET_CLIENT=@OLD_CHARACTER_SET_CLIENT */;
/*!40101 SET CHARACTER_SET_RESULTS=@OLD_CHARACTER_SET_RESULTS */;
/*!40101 SET COLLATION_CONNECTION=@OLD_COLLATION_CONNECTION */;
/*!40111 SET SQL_NOTES=@OLD_SQL_NOTES */;

-- Dump completed on 2025-06-26 10:04:18
